SET DATABASE REFERENTIAL INTEGRITY FALSE; 
TRUNCATE TABLE MA_BASE_DATA_SOURCE;
INSERT INTO MA_BASE_DATA_SOURCE
(ID,CODE,NAME
	, TYPE, DRIVER, URI, USER_NAME, PASSWORD, IS_JNDI
	, MAX_SIZE, MAX_IDLE, MAX_ACTIVE, MAX_WAIT, VALIDATION_QUERY
	, CREATED_BY, CREATED_TIME, LAST_UPDATED_BY, LAST_UPDATED_TIME
)
VALUES
(1, 'LOCAL_DS', '本地数据源'
, 'DATABASE', 'org.hsqldb.jdbcDriver', 'jdbc:hsqldb:file:./data/network', 'sa', null, 0
, 2, 0, 0, 0, null
, '*SYSADM', NOW(), '*SYSADM', NOW()
);
TRUNCATE TABLE MA_BASE_ACL_ACTION;
INSERT INTO MA_BASE_ACL_ACTION
	(ID, APP_ID, CODE, NAME, DESCRIPTION
	, URI, HTTP_METHOD, LOG_OPTION, LOG_LEVEL, EFFECTIVE_TIME
	, INACTIVE_TIME, IS_GROUP, PARENT_ID, CREATED_BY, CREATED_TIME
	, LAST_UPDATED_BY, LAST_UPDATED_TIME, MID, ORDERED)
VALUES
(55160, NULL, 'ACTION_ADMIN', '功能管理', '功能管理'
	, NULL, NULL, 0, 'ANY', NOW()
	, NULL, 1, 14, '*SYSADM', NOW()
	, '*SYSADM', NOW(), NULL, 55160);
INSERT INTO MA_BASE_ACL_ACTION
	(ID, APP_ID, CODE, NAME, DESCRIPTION
	, URI, HTTP_METHOD, LOG_OPTION, LOG_LEVEL, EFFECTIVE_TIME
	, INACTIVE_TIME, IS_GROUP, PARENT_ID, CREATED_BY, CREATED_TIME
	, LAST_UPDATED_BY, LAST_UPDATED_TIME, MID, ORDERED)
VALUES
(1, NULL, 'ROOT', '统一身份管理', '统一身份管理'
	, NULL, NULL, 0, 'ANY', NOW()
	, NULL, 1, NULL, '*SYSADM', NOW()
	, '*SYSADM', NOW(), NULL, 1);
INSERT INTO MA_BASE_ACL_ACTION
	(ID, APP_ID, CODE, NAME, DESCRIPTION
	, URI, HTTP_METHOD, LOG_OPTION, LOG_LEVEL, EFFECTIVE_TIME
	, INACTIVE_TIME, IS_GROUP, PARENT_ID, CREATED_BY, CREATED_TIME
	, LAST_UPDATED_BY, LAST_UPDATED_TIME, MID, ORDERED)
VALUES
(2, NULL, 'SYSTEM_GROUP', '系统管理', '系统管理'
	, NULL, NULL, 0, 'ANY', NOW()
	, NULL, 1, 1, '*SYSADM', NOW()
	, '*SYSADM', NOW(), NULL, 2);
INSERT INTO MA_BASE_ACL_ACTION
	(ID, APP_ID, CODE, NAME, DESCRIPTION
	, URI, HTTP_METHOD, LOG_OPTION, LOG_LEVEL, EFFECTIVE_TIME
	, INACTIVE_TIME, IS_GROUP, PARENT_ID, CREATED_BY, CREATED_TIME
	, LAST_UPDATED_BY, LAST_UPDATED_TIME, MID, ORDERED)
VALUES
(6, NULL, 'USER_ADMIN', '用户管理', '用户管理'
	, NULL, NULL, 0, 'ANY', NOW()
	, NULL, 1, 4, '*SYSADM', NOW()
	, '*SYSADM', NOW(), NULL, 6);
INSERT INTO MA_BASE_ACL_ACTION
	(ID, APP_ID, CODE, NAME, DESCRIPTION
	, URI, HTTP_METHOD, LOG_OPTION, LOG_LEVEL, EFFECTIVE_TIME
	, INACTIVE_TIME, IS_GROUP, PARENT_ID, CREATED_BY, CREATED_TIME
	, LAST_UPDATED_BY, LAST_UPDATED_TIME, MID, ORDERED)
VALUES
(7, NULL, 'ORG_ADMIN', '组织机构管理', '组织机构管理'
	, NULL, NULL, 0, 'ANY', NOW()
	, NULL, 1, 4, '*SYSADM', NOW()
	, '*SYSADM', NOW(), NULL, 7);
INSERT INTO MA_BASE_ACL_ACTION
	(ID, APP_ID, CODE, NAME, DESCRIPTION
	, URI, HTTP_METHOD, LOG_OPTION, LOG_LEVEL, EFFECTIVE_TIME
	, INACTIVE_TIME, IS_GROUP, PARENT_ID, CREATED_BY, CREATED_TIME
	, LAST_UPDATED_BY, LAST_UPDATED_TIME, MID, ORDERED)
VALUES
(3314373, NULL, 'USER_ROLE_ADMIN', '业务部门角色管理', NULL
	, NULL, NULL, 0, 'ANY', NOW()
	, NULL, 1, 16, '3419', NOW()
	, '3419', NOW(), NULL, 30);
INSERT INTO MA_BASE_ACL_ACTION
	(ID, APP_ID, CODE, NAME, DESCRIPTION
	, URI, HTTP_METHOD, LOG_OPTION, LOG_LEVEL, EFFECTIVE_TIME
	, INACTIVE_TIME, IS_GROUP, PARENT_ID, CREATED_BY, CREATED_TIME
	, LAST_UPDATED_BY, LAST_UPDATED_TIME, MID, ORDERED)
VALUES
(9, NULL, 'LOGIN_ADMIN', '登录用户管理', '登录用户管理'
	, NULL, NULL, 0, 'ANY', NOW()
	, NULL, 1, 4, '*SYSADM', NOW()
	, '*SYSADM', NOW(), NULL, 9);
INSERT INTO MA_BASE_ACL_ACTION
	(ID, APP_ID, CODE, NAME, DESCRIPTION
	, URI, HTTP_METHOD, LOG_OPTION, LOG_LEVEL, EFFECTIVE_TIME
	, INACTIVE_TIME, IS_GROUP, PARENT_ID, CREATED_BY, CREATED_TIME
	, LAST_UPDATED_BY, LAST_UPDATED_TIME, MID, ORDERED)
VALUES
(55159, NULL, 'APP_ADMIN', '应用管理', '应用管理'
	, NULL, NULL, 0, 'ANY', NOW()
	, NULL, 1, 13, '*SYSADM', NOW()
	, '*SYSADM', NOW(), NULL, 55159);
INSERT INTO MA_BASE_ACL_ACTION
	(ID, APP_ID, CODE, NAME, DESCRIPTION
	, URI, HTTP_METHOD, LOG_OPTION, LOG_LEVEL, EFFECTIVE_TIME
	, INACTIVE_TIME, IS_GROUP, PARENT_ID, CREATED_BY, CREATED_TIME
	, LAST_UPDATED_BY, LAST_UPDATED_TIME, MID, ORDERED)
VALUES
(12, NULL, 'DATASET_GROUP', '数据集维护', '数据集维护'
	, NULL, NULL, 0, 'ANY', NOW()
	, NULL, 1, 2, '*SYSADM', NOW()
	, '*SYSADM', NOW(), NULL, 12);
INSERT INTO MA_BASE_ACL_ACTION
	(ID, APP_ID, CODE, NAME, DESCRIPTION
	, URI, HTTP_METHOD, LOG_OPTION, LOG_LEVEL, EFFECTIVE_TIME
	, INACTIVE_TIME, IS_GROUP, PARENT_ID, CREATED_BY, CREATED_TIME
	, LAST_UPDATED_BY, LAST_UPDATED_TIME, MID, ORDERED)
VALUES
(13, NULL, 'APP_GROUP', '应用实例维护', '应用实例维护'
	, NULL, NULL, 0, 'ANY', NOW()
	, NULL, 1, 2, '*SYSADM', NOW()
	, '*SYSADM', NOW(), NULL, 13);
INSERT INTO MA_BASE_ACL_ACTION
	(ID, APP_ID, CODE, NAME, DESCRIPTION
	, URI, HTTP_METHOD, LOG_OPTION, LOG_LEVEL, EFFECTIVE_TIME
	, INACTIVE_TIME, IS_GROUP, PARENT_ID, CREATED_BY, CREATED_TIME
	, LAST_UPDATED_BY, LAST_UPDATED_TIME, MID, ORDERED)
VALUES
(14, NULL, 'RES_GROUP', '资源和分组维护', '资源和分组维护'
	, NULL, NULL, 0, 'ANY', NOW()
	, NULL, 1, 2, '*SYSADM', NOW()
	, '*SYSADM', NOW(), NULL, 14);
INSERT INTO MA_BASE_ACL_ACTION
	(ID, APP_ID, CODE, NAME, DESCRIPTION
	, URI, HTTP_METHOD, LOG_OPTION, LOG_LEVEL, EFFECTIVE_TIME
	, INACTIVE_TIME, IS_GROUP, PARENT_ID, CREATED_BY, CREATED_TIME
	, LAST_UPDATED_BY, LAST_UPDATED_TIME, MID, ORDERED)
VALUES
(15, NULL, 'POLICY_GROUP', '业务策略维护', '业务策略维护'
	, NULL, NULL, 0, 'ANY', NOW()
	, NULL, 1, 2, '*SYSADM', NOW()
	, '*SYSADM', NOW(), NULL, 15);
INSERT INTO MA_BASE_ACL_ACTION
	(ID, APP_ID, CODE, NAME, DESCRIPTION
	, URI, HTTP_METHOD, LOG_OPTION, LOG_LEVEL, EFFECTIVE_TIME
	, INACTIVE_TIME, IS_GROUP, PARENT_ID, CREATED_BY, CREATED_TIME
	, LAST_UPDATED_BY, LAST_UPDATED_TIME, MID, ORDERED)
VALUES
(16, NULL, 'SECURITY_GROUP', '用户授权维护', '用户授权维护'
	, NULL, NULL, 0, 'ANY', NOW()
	, NULL, 1, 2, '*SYSADM', NOW()
	, '*SYSADM', NOW(), NULL, 16);
INSERT INTO MA_BASE_ACL_ACTION
	(ID, APP_ID, CODE, NAME, DESCRIPTION
	, URI, HTTP_METHOD, LOG_OPTION, LOG_LEVEL, EFFECTIVE_TIME
	, INACTIVE_TIME, IS_GROUP, PARENT_ID, CREATED_BY, CREATED_TIME
	, LAST_UPDATED_BY, LAST_UPDATED_TIME, MID, ORDERED)
VALUES
(17, NULL, 'SYSINFO_GROUP', '系统信息维护', '系统信息维护'
	, NULL, NULL, 0, 'ANY', NOW()
	, NULL, 1, 2, '*SYSADM', NOW()
	, '*SYSADM', NOW(), NULL, 17);
INSERT INTO MA_BASE_ACL_ACTION
	(ID, APP_ID, CODE, NAME, DESCRIPTION
	, URI, HTTP_METHOD, LOG_OPTION, LOG_LEVEL, EFFECTIVE_TIME
	, INACTIVE_TIME, IS_GROUP, PARENT_ID, CREATED_BY, CREATED_TIME
	, LAST_UPDATED_BY, LAST_UPDATED_TIME, MID, ORDERED)
VALUES
(18, NULL, 'MENU_ADMIN', '菜单管理', '菜单管理'
	, NULL, NULL, 0, 'ANY', NOW()
	, NULL, 1, 14, '*SYSADM', NOW()
	, '*SYSADM', NOW(), NULL, 18);
INSERT INTO MA_BASE_ACL_ACTION
	(ID, APP_ID, CODE, NAME, DESCRIPTION
	, URI, HTTP_METHOD, LOG_OPTION, LOG_LEVEL, EFFECTIVE_TIME
	, INACTIVE_TIME, IS_GROUP, PARENT_ID, CREATED_BY, CREATED_TIME
	, LAST_UPDATED_BY, LAST_UPDATED_TIME, MID, ORDERED)
VALUES
(19, NULL, 'ROLE_ADMIN', '角色管理', '角色管理'
	, NULL, NULL, 0, 'ANY', NOW()
	, NULL, 1, 16, '*SYSADM', NOW()
	, '*SYSADM', NOW(), NULL, 19);
INSERT INTO MA_BASE_ACL_ACTION
	(ID, APP_ID, CODE, NAME, DESCRIPTION
	, URI, HTTP_METHOD, LOG_OPTION, LOG_LEVEL, EFFECTIVE_TIME
	, INACTIVE_TIME, IS_GROUP, PARENT_ID, CREATED_BY, CREATED_TIME
	, LAST_UPDATED_BY, LAST_UPDATED_TIME, MID, ORDERED)
VALUES
(55161, NULL, 'DATA_SOURCE_ADMIN', '数据源管理', '数据源管理'
	, NULL, NULL, 0, 'ANY', NOW()
	, NULL, 1, 12, '*SYSADM', NOW()
	, '*SYSADM', NOW(), NULL, 55161);
INSERT INTO MA_BASE_ACL_ACTION
	(ID, APP_ID, CODE, NAME, DESCRIPTION
	, URI, HTTP_METHOD, LOG_OPTION, LOG_LEVEL, EFFECTIVE_TIME
	, INACTIVE_TIME, IS_GROUP, PARENT_ID, CREATED_BY, CREATED_TIME
	, LAST_UPDATED_BY, LAST_UPDATED_TIME, MID, ORDERED)
VALUES
(55162, NULL, 'USER_RULE_ADMIN', '用户规则管理', '用户规则管理'
	, NULL, NULL, 0, 'ANY', NOW()
	, NULL, 1, 15, '*SYSADM', NOW()
	, '*SYSADM', NOW(), NULL, 55162);
INSERT INTO MA_BASE_ACL_ACTION
	(ID, APP_ID, CODE, NAME, DESCRIPTION
	, URI, HTTP_METHOD, LOG_OPTION, LOG_LEVEL, EFFECTIVE_TIME
	, INACTIVE_TIME, IS_GROUP, PARENT_ID, CREATED_BY, CREATED_TIME
	, LAST_UPDATED_BY, LAST_UPDATED_TIME, MID, ORDERED)
VALUES
(55163, NULL, 'DECISION_RULE_ADMIN', '决策规则管理', '决策规则管理'
	, NULL, NULL, 0, 'ANY', NOW()
	, NULL, 1, 15, '*SYSADM', NOW()
	, '*SYSADM', NOW(), NULL, 55163);
INSERT INTO MA_BASE_ACL_ACTION
	(ID, APP_ID, CODE, NAME, DESCRIPTION
	, URI, HTTP_METHOD, LOG_OPTION, LOG_LEVEL, EFFECTIVE_TIME
	, INACTIVE_TIME, IS_GROUP, PARENT_ID, CREATED_BY, CREATED_TIME
	, LAST_UPDATED_BY, LAST_UPDATED_TIME, MID, ORDERED)
VALUES
(55164, NULL, 'BIZ_POLICY_ADMIN', '业务决策管理', '业务决策管理'
	, NULL, NULL, 0, 'ANY', NOW()
	, NULL, 1, 15, '*SYSADM', NOW()
	, '*SYSADM', NOW(), NULL, 55164);
INSERT INTO MA_BASE_ACL_ACTION
	(ID, APP_ID, CODE, NAME, DESCRIPTION
	, URI, HTTP_METHOD, LOG_OPTION, LOG_LEVEL, EFFECTIVE_TIME
	, INACTIVE_TIME, IS_GROUP, PARENT_ID, CREATED_BY, CREATED_TIME
	, LAST_UPDATED_BY, LAST_UPDATED_TIME, MID, ORDERED)
VALUES
(98028, NULL, 'PASSWORD_POLICY', '密码策略设置', '密码策略设置'
	, NULL, NULL, 0, 'ANY', NOW()
	, NULL, 1, 4, '*SYSADM', NOW()
	, '*SYSADM', NOW(), NULL, 98028);
INSERT INTO MA_BASE_ACL_ACTION
	(ID, APP_ID, CODE, NAME, DESCRIPTION
	, URI, HTTP_METHOD, LOG_OPTION, LOG_LEVEL, EFFECTIVE_TIME
	, INACTIVE_TIME, IS_GROUP, PARENT_ID, CREATED_BY, CREATED_TIME
	, LAST_UPDATED_BY, LAST_UPDATED_TIME, MID, ORDERED)
VALUES
(110004, NULL, 'DATA_PARAM_ADMIN', '数据参数管理', '数据参数管理'
	, NULL, NULL, 0, 'ANY', NOW()
	, NULL, 1, 12, '*SYSADM', NOW()
	, '*SYSADM', NOW(), NULL, 110004);
INSERT INTO MA_BASE_ACL_ACTION
	(ID, APP_ID, CODE, NAME, DESCRIPTION
	, URI, HTTP_METHOD, LOG_OPTION, LOG_LEVEL, EFFECTIVE_TIME
	, INACTIVE_TIME, IS_GROUP, PARENT_ID, CREATED_BY, CREATED_TIME
	, LAST_UPDATED_BY, LAST_UPDATED_TIME, MID, ORDERED)
VALUES
(110005, NULL, 'DATA_SET_ADMIN', '数据集管理', '数据集管理'
	, NULL, NULL, 0, 'ANY', NOW()
	, NULL, 1, 12, '*SYSADM', NOW()
	, '*SYSADM', NOW(), NULL, 110005);
INSERT INTO MA_BASE_ACL_ACTION
	(ID, APP_ID, CODE, NAME, DESCRIPTION
	, URI, HTTP_METHOD, LOG_OPTION, LOG_LEVEL, EFFECTIVE_TIME
	, INACTIVE_TIME, IS_GROUP, PARENT_ID, CREATED_BY, CREATED_TIME
	, LAST_UPDATED_BY, LAST_UPDATED_TIME, MID, ORDERED)
VALUES
(110007, NULL, 'ORG_VIEW', '组织机构查看', '组织机构查看'
	, NULL, NULL, 0, 'ANY', NOW()
	, NULL, 1, 14, '*SYSADM', NOW()
	, '*SYSADM', NOW(), NULL, 110007);
INSERT INTO MA_BASE_ACL_ACTION
	(ID, APP_ID, CODE, NAME, DESCRIPTION
	, URI, HTTP_METHOD, LOG_OPTION, LOG_LEVEL, EFFECTIVE_TIME
	, INACTIVE_TIME, IS_GROUP, PARENT_ID, CREATED_BY, CREATED_TIME
	, LAST_UPDATED_BY, LAST_UPDATED_TIME, MID, ORDERED)
VALUES
(110012, NULL, 'ONLINE_USER_VIEW', '在线用户信息', '在线用户'
	, NULL, NULL, 0, 'ANY', NOW()
	, NULL, 1, 17, '*SYSADM', NOW()
	, '3419', NOW(), NULL, 10);
INSERT INTO MA_BASE_ACL_ACTION
	(ID, APP_ID, CODE, NAME, DESCRIPTION
	, URI, HTTP_METHOD, LOG_OPTION, LOG_LEVEL, EFFECTIVE_TIME
	, INACTIVE_TIME, IS_GROUP, PARENT_ID, CREATED_BY, CREATED_TIME
	, LAST_UPDATED_BY, LAST_UPDATED_TIME, MID, ORDERED)
VALUES
(110014, NULL, 'SYS_RUN_INFO', '系统运行信息', '系统运行信息'
	, NULL, NULL, 0, 'ANY', NOW()
	, NULL, 1, 17, '*SYSADM', NOW()
	, '3419', NOW(), NULL, 50);
INSERT INTO MA_BASE_ACL_ACTION
	(ID, APP_ID, CODE, NAME, DESCRIPTION
	, URI, HTTP_METHOD, LOG_OPTION, LOG_LEVEL, EFFECTIVE_TIME
	, INACTIVE_TIME, IS_GROUP, PARENT_ID, CREATED_BY, CREATED_TIME
	, LAST_UPDATED_BY, LAST_UPDATED_TIME, MID, ORDERED)
VALUES
(110015, NULL, 'ACCESS_LOG_VIEW', '系统访问日志', '登录日志'
	, NULL, NULL, 0, 'ANY', NOW()
	, NULL, 1, 17, '*SYSADM', NOW()
	, '3419', NOW(), NULL, 30);
INSERT INTO MA_BASE_ACL_ACTION
	(ID, APP_ID, CODE, NAME, DESCRIPTION
	, URI, HTTP_METHOD, LOG_OPTION, LOG_LEVEL, EFFECTIVE_TIME
	, INACTIVE_TIME, IS_GROUP, PARENT_ID, CREATED_BY, CREATED_TIME
	, LAST_UPDATED_BY, LAST_UPDATED_TIME, MID, ORDERED)
VALUES
(146067, NULL, 'APP_ACTION', '应用管理', '应用管理'
	, '/admin/macula-base/application/.*', NULL, 1, 'ERROR', NOW()
	, NULL, 0, 55159, '*SYSADM', NOW()
	, '*SYSADM', NOW(), 55159, 146067);
INSERT INTO MA_BASE_ACL_ACTION
	(ID, APP_ID, CODE, NAME, DESCRIPTION
	, URI, HTTP_METHOD, LOG_OPTION, LOG_LEVEL, EFFECTIVE_TIME
	, INACTIVE_TIME, IS_GROUP, PARENT_ID, CREATED_BY, CREATED_TIME
	, LAST_UPDATED_BY, LAST_UPDATED_TIME, MID, ORDERED)
VALUES
(146068, NULL, 'MENU_ACTION', '菜单管理', '菜单管理'
	, '/admin/macula-base/menuresource/.*', NULL, 1, 'ERROR', NOW()
	, NULL, 0, 18, '*SYSADM', NOW()
	, '*SYSADM', NOW(), 18, 146068);
INSERT INTO MA_BASE_ACL_ACTION
	(ID, APP_ID, CODE, NAME, DESCRIPTION
	, URI, HTTP_METHOD, LOG_OPTION, LOG_LEVEL, EFFECTIVE_TIME
	, INACTIVE_TIME, IS_GROUP, PARENT_ID, CREATED_BY, CREATED_TIME
	, LAST_UPDATED_BY, LAST_UPDATED_TIME, MID, ORDERED)
VALUES
(146069, NULL, 'ROLE_ACTION', '角色管理', '角色管理'
	, '/admin/macula-base/grantedrole/.*', NULL, 1, 'ERROR', NOW()
	, NULL, 0, 19, '*SYSADM', NOW()
	, '*SYSADM', NOW(), 19, 146069);
INSERT INTO MA_BASE_ACL_ACTION
	(ID, APP_ID, CODE, NAME, DESCRIPTION
	, URI, HTTP_METHOD, LOG_OPTION, LOG_LEVEL, EFFECTIVE_TIME
	, INACTIVE_TIME, IS_GROUP, PARENT_ID, CREATED_BY, CREATED_TIME
	, LAST_UPDATED_BY, LAST_UPDATED_TIME, MID, ORDERED)
VALUES
(146070, NULL, 'DATA_SOURCE_ACTION', '数据源管理', '数据源管理'
	, '/admin/macula-base/datasource/.*', NULL, 1, 'ERROR', NOW()
	, NULL, 0, 55161, '*SYSADM', NOW()
	, '*SYSADM', NOW(), 55161, 146070);
INSERT INTO MA_BASE_ACL_ACTION
	(ID, APP_ID, CODE, NAME, DESCRIPTION
	, URI, HTTP_METHOD, LOG_OPTION, LOG_LEVEL, EFFECTIVE_TIME
	, INACTIVE_TIME, IS_GROUP, PARENT_ID, CREATED_BY, CREATED_TIME
	, LAST_UPDATED_BY, LAST_UPDATED_TIME, MID, ORDERED)
VALUES
(146071, NULL, 'USER_RULE_ACTION', '用户规则管理', '用户规则管理'
	, '/admin/macula-base/userrule/.*', NULL, 1, 'ERROR', NOW()
	, NULL, 0, 55162, '*SYSADM', NOW()
	, '*SYSADM', NOW(), 55162, 146071);
INSERT INTO MA_BASE_ACL_ACTION
	(ID, APP_ID, CODE, NAME, DESCRIPTION
	, URI, HTTP_METHOD, LOG_OPTION, LOG_LEVEL, EFFECTIVE_TIME
	, INACTIVE_TIME, IS_GROUP, PARENT_ID, CREATED_BY, CREATED_TIME
	, LAST_UPDATED_BY, LAST_UPDATED_TIME, MID, ORDERED)
VALUES
(146072, NULL, 'DECISION_RULE_ACTION', '决策规则管理', '决策规则管理'
	, '/admin/macula-base/decisionrule/.*', NULL, 1, 'ERROR', NOW()
	, NULL, 0, 55163, '*SYSADM', NOW()
	, '*SYSADM', NOW(), 55163, 146072);
INSERT INTO MA_BASE_ACL_ACTION
	(ID, APP_ID, CODE, NAME, DESCRIPTION
	, URI, HTTP_METHOD, LOG_OPTION, LOG_LEVEL, EFFECTIVE_TIME
	, INACTIVE_TIME, IS_GROUP, PARENT_ID, CREATED_BY, CREATED_TIME
	, LAST_UPDATED_BY, LAST_UPDATED_TIME, MID, ORDERED)
VALUES
(146073, NULL, 'BIZ_POLICY_ACTION', '业务决策管理', '业务决策管理'
	, '/admin/macula-base/grantedpolicy/.*', NULL, 1, 'ERROR', NOW()
	, NULL, 0, 55164, '*SYSADM', NOW()
	, '*SYSADM', NOW(), 55164, 146073);
INSERT INTO MA_BASE_ACL_ACTION
	(ID, APP_ID, CODE, NAME, DESCRIPTION
	, URI, HTTP_METHOD, LOG_OPTION, LOG_LEVEL, EFFECTIVE_TIME
	, INACTIVE_TIME, IS_GROUP, PARENT_ID, CREATED_BY, CREATED_TIME
	, LAST_UPDATED_BY, LAST_UPDATED_TIME, MID, ORDERED)
VALUES
(146075, NULL, 'DATA_PARAM_ACTION', '数据参数管理', '数据参数管理'
	, '/admin/macula-base/dataparam/.*', NULL, 1, 'ERROR', NOW()
	, NULL, 0, 110004, '*SYSADM', NOW()
	, '*SYSADM', NOW(), 110004, 146075);
INSERT INTO MA_BASE_ACL_ACTION
	(ID, APP_ID, CODE, NAME, DESCRIPTION
	, URI, HTTP_METHOD, LOG_OPTION, LOG_LEVEL, EFFECTIVE_TIME
	, INACTIVE_TIME, IS_GROUP, PARENT_ID, CREATED_BY, CREATED_TIME
	, LAST_UPDATED_BY, LAST_UPDATED_TIME, MID, ORDERED)
VALUES
(146076, NULL, 'DATA_SET_ACTION', '数据集管理', '数据集管理'
	, '/admin/macula-base/dataset/.*', NULL, 1, 'ERROR', NOW()
	, NULL, 0, 110005, '*SYSADM', NOW()
	, '*SYSADM', NOW(), 110005, 146076);
INSERT INTO MA_BASE_ACL_ACTION
	(ID, APP_ID, CODE, NAME, DESCRIPTION
	, URI, HTTP_METHOD, LOG_OPTION, LOG_LEVEL, EFFECTIVE_TIME
	, INACTIVE_TIME, IS_GROUP, PARENT_ID, CREATED_BY, CREATED_TIME
	, LAST_UPDATED_BY, LAST_UPDATED_TIME, MID, ORDERED)
VALUES
(146077, NULL, 'ORG_ACTION', '组织机构查看', '组织机构查看'
	, '/admin/macula-base/organization/.*', NULL, 1, 'ERROR', NOW()
	, NULL, 0, 110007, '*SYSADM', NOW()
	, '*SYSADM', NOW(), 110007, 146077);
INSERT INTO MA_BASE_ACL_ACTION
	(ID, APP_ID, CODE, NAME, DESCRIPTION
	, URI, HTTP_METHOD, LOG_OPTION, LOG_LEVEL, EFFECTIVE_TIME
	, INACTIVE_TIME, IS_GROUP, PARENT_ID, CREATED_BY, CREATED_TIME
	, LAST_UPDATED_BY, LAST_UPDATED_TIME, MID, ORDERED)
VALUES
(146078, NULL, 'ONLINE_USER_ACTION', '在线用户信息', '在线用户信息'
	, '/admin/macula-base/sessions.*', NULL, 1, 'ERROR', NOW()
	, NULL, 0, 110012, '*SYSADM', NOW()
	, '3419', NOW(), 110012, 146078);
INSERT INTO MA_BASE_ACL_ACTION
	(ID, APP_ID, CODE, NAME, DESCRIPTION
	, URI, HTTP_METHOD, LOG_OPTION, LOG_LEVEL, EFFECTIVE_TIME
	, INACTIVE_TIME, IS_GROUP, PARENT_ID, CREATED_BY, CREATED_TIME
	, LAST_UPDATED_BY, LAST_UPDATED_TIME, MID, ORDERED)
VALUES
(146079, NULL, 'SYS_RUN_ACTION', '系统运行信息', '系统运行信息'
	, '/admin/macula-core/system/.*', NULL, 1, 'ERROR', NOW()
	, NULL, 0, 110014, '*SYSADM', NOW()
	, '*SYSADM', NOW(), 110014, 146079);
INSERT INTO MA_BASE_ACL_ACTION
	(ID, APP_ID, CODE, NAME, DESCRIPTION
	, URI, HTTP_METHOD, LOG_OPTION, LOG_LEVEL, EFFECTIVE_TIME
	, INACTIVE_TIME, IS_GROUP, PARENT_ID, CREATED_BY, CREATED_TIME
	, LAST_UPDATED_BY, LAST_UPDATED_TIME, MID, ORDERED)
VALUES
(146080, NULL, 'ACCESS_LOG_ACTION', '系统访问日志', '系统访问日志'
	, '/admin/macula-base/accesslog/.*', NULL, 1, 'ERROR', NOW()
	, NULL, 0, 110015, '*SYSADM', NOW()
	, '3419', NOW(), 110015, 146080);
INSERT INTO MA_BASE_ACL_ACTION
	(ID, APP_ID, CODE, NAME, DESCRIPTION
	, URI, HTTP_METHOD, LOG_OPTION, LOG_LEVEL, EFFECTIVE_TIME
	, INACTIVE_TIME, IS_GROUP, PARENT_ID, CREATED_BY, CREATED_TIME
	, LAST_UPDATED_BY, LAST_UPDATED_TIME, MID, ORDERED)
VALUES
(3314374, NULL, 'USER_ROLE_ACTION', '业务部门角色管理', '业务部门角色管理'
	, '/admin/macula-base/limitrole/.*', NULL, 1, 'ERROR', NOW()
	, NULL, 0, 3314373, '3419', NOW()
	, '3419', NOW(), 3314372, 3314374);
INSERT INTO MA_BASE_ACL_ACTION
	(ID, APP_ID, CODE, NAME, DESCRIPTION
	, URI, HTTP_METHOD, LOG_OPTION, LOG_LEVEL, EFFECTIVE_TIME
	, INACTIVE_TIME, IS_GROUP, PARENT_ID, CREATED_BY, CREATED_TIME
	, LAST_UPDATED_BY, LAST_UPDATED_TIME, MID, ORDERED)
VALUES
(146060, NULL, 'ACTION_ACTION', '功能管理', '功能管理'
	, '/admin/macula-base/actionresource/.*', NULL, 1, 'ERROR', NOW()
	, NULL, 0, 55160, '*SYSADM', NOW()
	, '*SYSADM', NOW(), 55160, 146060);
INSERT INTO MA_BASE_ACL_ACTION
	(ID, APP_ID, CODE, NAME, DESCRIPTION
	, URI, HTTP_METHOD, LOG_OPTION, LOG_LEVEL, EFFECTIVE_TIME
	, INACTIVE_TIME, IS_GROUP, PARENT_ID, CREATED_BY, CREATED_TIME
	, LAST_UPDATED_BY, LAST_UPDATED_TIME, MID, ORDERED)
VALUES
(146062, NULL, 'ORG_ADMIN_ACTION', '组织机构管理', '组织机构管理'
	, '/admin/macula-base/organization/.*', NULL, 1, 'ERROR', NOW()
	, NULL, 0, 7, '*SYSADM', NOW()
	, '*SYSADM', NOW(), 7, 146062);
INSERT INTO MA_BASE_ACL_ACTION
	(ID, APP_ID, CODE, NAME, DESCRIPTION
	, URI, HTTP_METHOD, LOG_OPTION, LOG_LEVEL, EFFECTIVE_TIME
	, INACTIVE_TIME, IS_GROUP, PARENT_ID, CREATED_BY, CREATED_TIME
	, LAST_UPDATED_BY, LAST_UPDATED_TIME, MID, ORDERED)
VALUES
(3314371, NULL, 'ADMIN_GRANT_ACTION', '管理员授权', '管理员授权'
	, '/admin/macula-base/sysuser/admingrant.*', NULL, 1, 'ERROR', NOW()
	, NULL, 0, 3314375, '3419', NOW()
	, '3419', NOW(), 6, 3314371);
INSERT INTO MA_BASE_ACL_ACTION
	(ID, APP_ID, CODE, NAME, DESCRIPTION
	, URI, HTTP_METHOD, LOG_OPTION, LOG_LEVEL, EFFECTIVE_TIME
	, INACTIVE_TIME, IS_GROUP, PARENT_ID, CREATED_BY, CREATED_TIME
	, LAST_UPDATED_BY, LAST_UPDATED_TIME, MID, ORDERED)
VALUES
(3314375, NULL, 'USER_PRIV_ADMIN', '用户分组与授权管理', NULL
	, NULL, NULL, 0, 'ANY', NOW()
	, NULL, 1, 16, '3419', NOW()
	, '3419', NOW(), NULL, 50);
INSERT INTO MA_BASE_ACL_ACTION
	(ID, APP_ID, CODE, NAME, DESCRIPTION
	, URI, HTTP_METHOD, LOG_OPTION, LOG_LEVEL, EFFECTIVE_TIME
	, INACTIVE_TIME, IS_GROUP, PARENT_ID, CREATED_BY, CREATED_TIME
	, LAST_UPDATED_BY, LAST_UPDATED_TIME, MID, ORDERED)
VALUES
(3314380, NULL, 'LOGINED_GROUP', '登录用户默认功能', NULL
	, NULL, NULL, 0, 'ANY', NOW()
	, NULL, 1, 1, '3419', NOW()
	, '*SYSADM', NOW(), NULL, 3314380);
INSERT INTO MA_BASE_ACL_ACTION
	(ID, APP_ID, CODE, NAME, DESCRIPTION
	, URI, HTTP_METHOD, LOG_OPTION, LOG_LEVEL, EFFECTIVE_TIME
	, INACTIVE_TIME, IS_GROUP, PARENT_ID, CREATED_BY, CREATED_TIME
	, LAST_UPDATED_BY, LAST_UPDATED_TIME, MID, ORDERED)
VALUES
(3314388, NULL, 'NOT_GRANTED_GROUP', '非授权功能', NULL
	, NULL, NULL, 0, 'ANY', NOW()
	, NULL, 1, 1, '3419', NOW()
	, '3419', NOW(), NULL, 99999999);
INSERT INTO MA_BASE_ACL_ACTION
	(ID, APP_ID, CODE, NAME, DESCRIPTION
	, URI, HTTP_METHOD, LOG_OPTION, LOG_LEVEL, EFFECTIVE_TIME
	, INACTIVE_TIME, IS_GROUP, PARENT_ID, CREATED_BY, CREATED_TIME
	, LAST_UPDATED_BY, LAST_UPDATED_TIME, MID, ORDERED)
VALUES
(3314389, NULL, 'FINDER_ACTION', 'MACULA_FINDER', 'MACULA_FINDER'
	, '/.*/macula-mda/finder/.*', NULL, 3, 'ERROR', NOW()
	, NULL, 0, 3314388, '3419', NOW()
	, '*SYSADM', NOW(), NULL, 999999999);
INSERT INTO MA_BASE_ACL_ACTION
	(ID, APP_ID, CODE, NAME, DESCRIPTION
	, URI, HTTP_METHOD, LOG_OPTION, LOG_LEVEL, EFFECTIVE_TIME
	, INACTIVE_TIME, IS_GROUP, PARENT_ID, CREATED_BY, CREATED_TIME
	, LAST_UPDATED_BY, LAST_UPDATED_TIME, MID, ORDERED)
VALUES
(3314368, NULL, 'USER_SESSION_ADMIN', '用户状态维护', NULL
	, NULL, NULL, 0, 'ANY', NOW()
	, NULL, 1, 17, '3419', NOW()
	, '3419', NOW(), NULL, 20);
INSERT INTO MA_BASE_ACL_ACTION
	(ID, APP_ID, CODE, NAME, DESCRIPTION
	, URI, HTTP_METHOD, LOG_OPTION, LOG_LEVEL, EFFECTIVE_TIME
	, INACTIVE_TIME, IS_GROUP, PARENT_ID, CREATED_BY, CREATED_TIME
	, LAST_UPDATED_BY, LAST_UPDATED_TIME, MID, ORDERED)
VALUES
(3314369, NULL, 'USER_SESSION_ACTION', '用户状态维护', '用户状态维护'
	, '/admin/macula-base/usersession/.*', NULL, 1, 'ERROR', NOW()
	, NULL, 0, 3314368, '3419', NOW()
	, '3419', NOW(), 150746, 3314369);
INSERT INTO MA_BASE_ACL_ACTION
	(ID, APP_ID, CODE, NAME, DESCRIPTION
	, URI, HTTP_METHOD, LOG_OPTION, LOG_LEVEL, EFFECTIVE_TIME
	, INACTIVE_TIME, IS_GROUP, PARENT_ID, CREATED_BY, CREATED_TIME
	, LAST_UPDATED_BY, LAST_UPDATED_TIME, MID, ORDERED)
VALUES
(3314378, NULL, 'USER_GRANT_ACTION', '操作员授权', '操作员授权'
	, '/admin/macula-base/sysuser/limitgrant.*', NULL, 1, 'ERROR', NOW()
	, NULL, 0, 3314375, '3419', NOW()
	, '3419', NOW(), NULL, 3314378);
INSERT INTO MA_BASE_ACL_ACTION
	(ID, APP_ID, CODE, NAME, DESCRIPTION
	, URI, HTTP_METHOD, LOG_OPTION, LOG_LEVEL, EFFECTIVE_TIME
	, INACTIVE_TIME, IS_GROUP, PARENT_ID, CREATED_BY, CREATED_TIME
	, LAST_UPDATED_BY, LAST_UPDATED_TIME, MID, ORDERED)
VALUES
(3314379, NULL, 'ADMIN_CAT_ACTION', '用户分组设置', '用户分组设置'
	, '/admin/macula-base/sysuser/admincatalog.*', NULL, 1, 'ERROR', NOW()
	, NULL, 0, 3314375, '3419', NOW()
	, '3419', NOW(), 6, 3314379);
INSERT INTO MA_BASE_ACL_ACTION
	(ID, APP_ID, CODE, NAME, DESCRIPTION
	, URI, HTTP_METHOD, LOG_OPTION, LOG_LEVEL, EFFECTIVE_TIME
	, INACTIVE_TIME, IS_GROUP, PARENT_ID, CREATED_BY, CREATED_TIME
	, LAST_UPDATED_BY, LAST_UPDATED_TIME, MID, ORDERED)
VALUES
(3314383, NULL, 'ENUM_GET_ACTION', '获取枚举', '获取枚举'
	, '/.*/macula-base/enum/.*', NULL, 1, 'ERROR', NOW()
	, NULL, 0, 3314380, '3419', NOW()
	, '3419', NOW(), NULL, 3314383);
INSERT INTO MA_BASE_ACL_ACTION
	(ID, APP_ID, CODE, NAME, DESCRIPTION
	, URI, HTTP_METHOD, LOG_OPTION, LOG_LEVEL, EFFECTIVE_TIME
	, INACTIVE_TIME, IS_GROUP, PARENT_ID, CREATED_BY, CREATED_TIME
	, LAST_UPDATED_BY, LAST_UPDATED_TIME, MID, ORDERED)
VALUES
(10000, NULL, 'NETWORK_ROOT', '网络管理系统', '网络管理系统'
	, NULL, NULL, 0, 'ANY', NOW()
	, NULL, 1, 1, '*SYSADM', NOW()
	, '*SYSADM', NOW(), NULL, 1);
INSERT INTO MA_BASE_ACL_ACTION
	(ID, APP_ID, CODE, NAME, DESCRIPTION
	, URI, HTTP_METHOD, LOG_OPTION, LOG_LEVEL, EFFECTIVE_TIME
	, INACTIVE_TIME, IS_GROUP, PARENT_ID, CREATED_BY, CREATED_TIME
	, LAST_UPDATED_BY, LAST_UPDATED_TIME, MID, ORDERED)
VALUES
(10001, NULL, 'NETWORK_GROUP', '网络分组', '网络分组'
	, NULL, NULL, 0, 'ANY', NOW()
	, NULL, 1, 10000, '*SYSADM', NOW()
	, '*SYSADM', NOW(), NULL, 10000);
INSERT INTO MA_BASE_ACL_ACTION
	(ID, APP_ID, CODE, NAME, DESCRIPTION
	, URI, HTTP_METHOD, LOG_OPTION, LOG_LEVEL, EFFECTIVE_TIME
	, INACTIVE_TIME, IS_GROUP, PARENT_ID, CREATED_BY, CREATED_TIME
	, LAST_UPDATED_BY, LAST_UPDATED_TIME, MID, ORDERED)
VALUES
(10002, NULL, 'NETWORKREOURCE_ACTION', 'IP管理', 'IP管理'
	, '/admin/network/networkresource/.*', NULL, 10001, 'ERROR', NOW()
	, NULL, 0, 10001, '3419', NOW()
	, '3419', NOW(), 10002, 10001);
TRUNCATE TABLE MA_BASE_ACL_BIZ_RULE;
INSERT INTO MA_BASE_ACL_BIZ_RULE
	(ID, CODE, NAME, APP_ID, EXP_TEXT
	, IS_GROUP, PARENT_ID, CREATED_BY, CREATED_TIME, LAST_UPDATED_BY
	, LAST_UPDATED_TIME)
VALUES
(112470, 'ROOT', '决策规则列表', NULL, NULL
	, 1, NULL, '*SYSADM', NOW(), '*SYSADM'
	, NOW());

TRUNCATE TABLE MA_BASE_ACL_MENU;
INSERT INTO MA_BASE_ACL_MENU
	(ID, APP_ID, CODE, NAME, DESCRIPTION
	, URI, HTTP_METHOD, ICON_URI, OPEN_MODE, IS_BAR_ITEM
	, EFFECTIVE_TIME, INACTIVE_TIME, ORDERED, IS_GROUP, PARENT_ID
	, CREATED_BY, CREATED_TIME, LAST_UPDATED_BY, LAST_UPDATED_TIME)
VALUES
(55160, NULL, 'ACTION_ADMIN', '功能管理', '功能管理'
	, 'admin/macula-base/actionresource/list', 'GET', NULL, 'NORMAL', 0
	, NOW(), NULL, 1, 0, 14
	, '*SYSADM', NOW(), '*SYSADM', NOW());
INSERT INTO MA_BASE_ACL_MENU
	(ID, APP_ID, CODE, NAME, DESCRIPTION
	, URI, HTTP_METHOD, ICON_URI, OPEN_MODE, IS_BAR_ITEM
	, EFFECTIVE_TIME, INACTIVE_TIME, ORDERED, IS_GROUP, PARENT_ID
	, CREATED_BY, CREATED_TIME, LAST_UPDATED_BY, LAST_UPDATED_TIME)
VALUES
(1, NULL, 'ROOT', '统一身份管理', '统一身份管理'
	, NULL, NULL, NULL, NULL, 0
	, NOW(), NULL, 1, 1, NULL
	, '*SYSADM', NOW(), '*SYSADM', NOW());
INSERT INTO MA_BASE_ACL_MENU
	(ID, APP_ID, CODE, NAME, DESCRIPTION
	, URI, HTTP_METHOD, ICON_URI, OPEN_MODE, IS_BAR_ITEM
	, EFFECTIVE_TIME, INACTIVE_TIME, ORDERED, IS_GROUP, PARENT_ID
	, CREATED_BY, CREATED_TIME, LAST_UPDATED_BY, LAST_UPDATED_TIME)
VALUES
(2, NULL, 'SYS_GROUP', '系统管理', '系统管理'
	, NULL, NULL, NULL, NULL, 0
	, NOW(), NULL, 1, 1, 1
	, '*SYSADM', NOW(), '*SYSADM', NOW());
INSERT INTO MA_BASE_ACL_MENU
	(ID, APP_ID, CODE, NAME, DESCRIPTION
	, URI, HTTP_METHOD, ICON_URI, OPEN_MODE, IS_BAR_ITEM
	, EFFECTIVE_TIME, INACTIVE_TIME, ORDERED, IS_GROUP, PARENT_ID
	, CREATED_BY, CREATED_TIME, LAST_UPDATED_BY, LAST_UPDATED_TIME)
VALUES
(7, NULL, 'ORG_ADMIN', '组织机构管理', '组织机构管理'
	, 'admin/macula-base/organization/list', 'GET', NULL, 'NORMAL', 0
	, NOW(), NULL, 2, 0, 4
	, '*SYSADM', NOW(), '*SYSADM', NOW());
INSERT INTO MA_BASE_ACL_MENU
	(ID, APP_ID, CODE, NAME, DESCRIPTION
	, URI, HTTP_METHOD, ICON_URI, OPEN_MODE, IS_BAR_ITEM
	, EFFECTIVE_TIME, INACTIVE_TIME, ORDERED, IS_GROUP, PARENT_ID
	, CREATED_BY, CREATED_TIME, LAST_UPDATED_BY, LAST_UPDATED_TIME)
VALUES
(164900, NULL, 'URL_ACTION', '地址功能对应表', '地址功能对应表'
	, 'admin/macula-base/actionresource/mapping', 'GET', NULL, 'NORMAL', 0
	, NOW(), NULL, 164900, 0, 14
	, '*SYSADM', NOW(), '*SYSADM', NOW());
INSERT INTO MA_BASE_ACL_MENU
	(ID, APP_ID, CODE, NAME, DESCRIPTION
	, URI, HTTP_METHOD, ICON_URI, OPEN_MODE, IS_BAR_ITEM
	, EFFECTIVE_TIME, INACTIVE_TIME, ORDERED, IS_GROUP, PARENT_ID
	, CREATED_BY, CREATED_TIME, LAST_UPDATED_BY, LAST_UPDATED_TIME)
VALUES
(55159, NULL, 'APP_ADMIN', '应用管理', '应用管理'
	, 'admin/macula-base/application/list', 'GET', NULL, 'NORMAL', 0
	, NOW(), NULL, 55159, 0, 13
	, '*SYSADM', NOW(), '*SYSADM', NOW());
INSERT INTO MA_BASE_ACL_MENU
	(ID, APP_ID, CODE, NAME, DESCRIPTION
	, URI, HTTP_METHOD, ICON_URI, OPEN_MODE, IS_BAR_ITEM
	, EFFECTIVE_TIME, INACTIVE_TIME, ORDERED, IS_GROUP, PARENT_ID
	, CREATED_BY, CREATED_TIME, LAST_UPDATED_BY, LAST_UPDATED_TIME)
VALUES
(12, NULL, 'DATASET_GROUP', '数据集维护', '数据集维护'
	, NULL, NULL, NULL, NULL, 0
	, NOW(), NULL, 2, 1, 2
	, '*SYSADM', NOW(), '*SYSADM', NOW());
INSERT INTO MA_BASE_ACL_MENU
	(ID, APP_ID, CODE, NAME, DESCRIPTION
	, URI, HTTP_METHOD, ICON_URI, OPEN_MODE, IS_BAR_ITEM
	, EFFECTIVE_TIME, INACTIVE_TIME, ORDERED, IS_GROUP, PARENT_ID
	, CREATED_BY, CREATED_TIME, LAST_UPDATED_BY, LAST_UPDATED_TIME)
VALUES
(13, NULL, 'APP_GROUP', '应用实例维护', '应用实例维护'
	, NULL, NULL, NULL, NULL, 0
	, NOW(), NULL, 1, 1, 2
	, '*SYSADM', NOW(), '*SYSADM', NOW());
INSERT INTO MA_BASE_ACL_MENU
	(ID, APP_ID, CODE, NAME, DESCRIPTION
	, URI, HTTP_METHOD, ICON_URI, OPEN_MODE, IS_BAR_ITEM
	, EFFECTIVE_TIME, INACTIVE_TIME, ORDERED, IS_GROUP, PARENT_ID
	, CREATED_BY, CREATED_TIME, LAST_UPDATED_BY, LAST_UPDATED_TIME)
VALUES
(14, NULL, 'RES_GROUP', '资源和分组维护', '资源和分组维护'
	, NULL, NULL, NULL, NULL, 0
	, NOW(), NULL, 2, 1, 2
	, '*SYSADM', NOW(), '*SYSADM', NOW());
INSERT INTO MA_BASE_ACL_MENU
	(ID, APP_ID, CODE, NAME, DESCRIPTION
	, URI, HTTP_METHOD, ICON_URI, OPEN_MODE, IS_BAR_ITEM
	, EFFECTIVE_TIME, INACTIVE_TIME, ORDERED, IS_GROUP, PARENT_ID
	, CREATED_BY, CREATED_TIME, LAST_UPDATED_BY, LAST_UPDATED_TIME)
VALUES
(15, NULL, 'POLICY_GROUP', '业务策略维护', '业务策略维护'
	, NULL, NULL, NULL, NULL, 0
	, NOW(), NULL, 4, 1, 2
	, '*SYSADM', NOW(), '*SYSADM', NOW());
INSERT INTO MA_BASE_ACL_MENU
	(ID, APP_ID, CODE, NAME, DESCRIPTION
	, URI, HTTP_METHOD, ICON_URI, OPEN_MODE, IS_BAR_ITEM
	, EFFECTIVE_TIME, INACTIVE_TIME, ORDERED, IS_GROUP, PARENT_ID
	, CREATED_BY, CREATED_TIME, LAST_UPDATED_BY, LAST_UPDATED_TIME)
VALUES
(16, NULL, 'SECURITY_GROUP', '用户授权维护', '用户授权维护'
	, NULL, NULL, NULL, NULL, 0
	, NOW(), NULL, 5, 1, 2
	, '*SYSADM', NOW(), '*SYSADM', NOW());
INSERT INTO MA_BASE_ACL_MENU
	(ID, APP_ID, CODE, NAME, DESCRIPTION
	, URI, HTTP_METHOD, ICON_URI, OPEN_MODE, IS_BAR_ITEM
	, EFFECTIVE_TIME, INACTIVE_TIME, ORDERED, IS_GROUP, PARENT_ID
	, CREATED_BY, CREATED_TIME, LAST_UPDATED_BY, LAST_UPDATED_TIME)
VALUES
(17, NULL, 'SYSINFO_GROUP', '系统信息维护', '系统信息维护'
	, NULL, NULL, NULL, NULL, 0
	, NOW(), NULL, 6, 1, 2
	, '*SYSADM', NOW(), '*SYSADM', NOW());
INSERT INTO MA_BASE_ACL_MENU
	(ID, APP_ID, CODE, NAME, DESCRIPTION
	, URI, HTTP_METHOD, ICON_URI, OPEN_MODE, IS_BAR_ITEM
	, EFFECTIVE_TIME, INACTIVE_TIME, ORDERED, IS_GROUP, PARENT_ID
	, CREATED_BY, CREATED_TIME, LAST_UPDATED_BY, LAST_UPDATED_TIME)
VALUES
(18, NULL, 'MENU_ADMIN', '菜单管理', '菜单管理'
	, 'admin/macula-base/menuresource/list', 'GET', NULL, 'NORMAL', 0
	, NOW(), NULL, 1, 0, 14
	, '*SYSADM', NOW(), '*SYSADM', NOW());
INSERT INTO MA_BASE_ACL_MENU
	(ID, APP_ID, CODE, NAME, DESCRIPTION
	, URI, HTTP_METHOD, ICON_URI, OPEN_MODE, IS_BAR_ITEM
	, EFFECTIVE_TIME, INACTIVE_TIME, ORDERED, IS_GROUP, PARENT_ID
	, CREATED_BY, CREATED_TIME, LAST_UPDATED_BY, LAST_UPDATED_TIME)
VALUES
(19, NULL, 'ROLE_ADMIN', '角色管理', '角色管理'
	, 'admin/macula-base/grantedrole/list', 'GET', NULL, 'NORMAL', 0
	, NOW(), NULL, 1, 0, 16
	, '*SYSADM', NOW(), '*SYSADM', NOW());
INSERT INTO MA_BASE_ACL_MENU
	(ID, APP_ID, CODE, NAME, DESCRIPTION
	, URI, HTTP_METHOD, ICON_URI, OPEN_MODE, IS_BAR_ITEM
	, EFFECTIVE_TIME, INACTIVE_TIME, ORDERED, IS_GROUP, PARENT_ID
	, CREATED_BY, CREATED_TIME, LAST_UPDATED_BY, LAST_UPDATED_TIME)
VALUES
(150746, NULL, 'USER_SESSION_ADMIN', '用户状态维护', '用户状态维护'
	, 'admin/macula-base/usersession/index', 'GET', NULL, 'NORMAL', 0
	, NOW(), NULL, 20, 0, 17
	, '*SYSADM', NOW(), '*SYSADM', NOW());
INSERT INTO MA_BASE_ACL_MENU
	(ID, APP_ID, CODE, NAME, DESCRIPTION
	, URI, HTTP_METHOD, ICON_URI, OPEN_MODE, IS_BAR_ITEM
	, EFFECTIVE_TIME, INACTIVE_TIME, ORDERED, IS_GROUP, PARENT_ID
	, CREATED_BY, CREATED_TIME, LAST_UPDATED_BY, LAST_UPDATED_TIME)
VALUES
(55161, NULL, 'DATA_SOURCE_ADMIN', '数据源管理', '数据源管理'
	, 'admin/macula-base/datasource/list', 'GET', NULL, 'NORMAL', 0
	, NOW(), NULL, 1, 0, 12
	, '*SYSADM', NOW(), '*SYSADM', NOW());
INSERT INTO MA_BASE_ACL_MENU
	(ID, APP_ID, CODE, NAME, DESCRIPTION
	, URI, HTTP_METHOD, ICON_URI, OPEN_MODE, IS_BAR_ITEM
	, EFFECTIVE_TIME, INACTIVE_TIME, ORDERED, IS_GROUP, PARENT_ID
	, CREATED_BY, CREATED_TIME, LAST_UPDATED_BY, LAST_UPDATED_TIME)
VALUES
(55162, NULL, 'USER_RULE_ADMIN', '用户规则管理', '用户规则管理'
	, 'admin/macula-base/userrule/list', 'GET', NULL, 'NORMAL', 0
	, NOW(), NULL, 55162, 0, 15
	, '*SYSADM', NOW(), '*SYSADM', NOW());
INSERT INTO MA_BASE_ACL_MENU
	(ID, APP_ID, CODE, NAME, DESCRIPTION
	, URI, HTTP_METHOD, ICON_URI, OPEN_MODE, IS_BAR_ITEM
	, EFFECTIVE_TIME, INACTIVE_TIME, ORDERED, IS_GROUP, PARENT_ID
	, CREATED_BY, CREATED_TIME, LAST_UPDATED_BY, LAST_UPDATED_TIME)
VALUES
(55163, NULL, 'DECISION_RULE_ADMIN', '决策规则管理', '决策规则管理'
	, 'admin/macula-base/decisionrule/list', 'GET', NULL, 'NORMAL', 0
	, NOW(), NULL, 55163, 0, 15
	, '*SYSADM', NOW(), '*SYSADM', NOW());
INSERT INTO MA_BASE_ACL_MENU
	(ID, APP_ID, CODE, NAME, DESCRIPTION
	, URI, HTTP_METHOD, ICON_URI, OPEN_MODE, IS_BAR_ITEM
	, EFFECTIVE_TIME, INACTIVE_TIME, ORDERED, IS_GROUP, PARENT_ID
	, CREATED_BY, CREATED_TIME, LAST_UPDATED_BY, LAST_UPDATED_TIME)
VALUES
(55164, NULL, 'BIZ_POLICY_ADMIN', '业务决策管理', '业务决策管理'
	, 'admin/macula-base/grantedpolicy/list', 'GET', NULL, 'NORMAL', 0
	, NOW(), NULL, 3, 0, 15
	, '*SYSADM', NOW(), '*SYSADM', NOW());
INSERT INTO MA_BASE_ACL_MENU
	(ID, APP_ID, CODE, NAME, DESCRIPTION
	, URI, HTTP_METHOD, ICON_URI, OPEN_MODE, IS_BAR_ITEM
	, EFFECTIVE_TIME, INACTIVE_TIME, ORDERED, IS_GROUP, PARENT_ID
	, CREATED_BY, CREATED_TIME, LAST_UPDATED_BY, LAST_UPDATED_TIME)
VALUES
(3314372, NULL, 'USER_ROLE_ADMIN', '业务部门角色管理', '业务部门角色管理'
	, 'admin/macula-base/limitrole/list', 'GET', NULL, 'NORMAL', 0
	, NOW(), NULL, 3314372, 0, 16
	, '3419', NOW(), '*SYSADM', NOW());
INSERT INTO MA_BASE_ACL_MENU
	(ID, APP_ID, CODE, NAME, DESCRIPTION
	, URI, HTTP_METHOD, ICON_URI, OPEN_MODE, IS_BAR_ITEM
	, EFFECTIVE_TIME, INACTIVE_TIME, ORDERED, IS_GROUP, PARENT_ID
	, CREATED_BY, CREATED_TIME, LAST_UPDATED_BY, LAST_UPDATED_TIME)
VALUES
(110004, NULL, 'DATA_PARAM_ADMIN', '数据参数管理', '数据参数管理'
	, 'admin/macula-base/dataparam/list', 'GET', NULL, 'NORMAL', 0
	, NOW(), NULL, 2, 0, 12
	, '*SYSADM', NOW(), '*SYSADM', NOW());
INSERT INTO MA_BASE_ACL_MENU
	(ID, APP_ID, CODE, NAME, DESCRIPTION
	, URI, HTTP_METHOD, ICON_URI, OPEN_MODE, IS_BAR_ITEM
	, EFFECTIVE_TIME, INACTIVE_TIME, ORDERED, IS_GROUP, PARENT_ID
	, CREATED_BY, CREATED_TIME, LAST_UPDATED_BY, LAST_UPDATED_TIME)
VALUES
(110005, NULL, 'DATA_SET_ADMIN', '数据集管理', '数据集管理'
	, 'admin/macula-base/dataset/list', 'GET', NULL, 'NORMAL', 0
	, NOW(), NULL, 3, 0, 12
	, '*SYSADM', NOW(), '*SYSADM', NOW());
INSERT INTO MA_BASE_ACL_MENU
	(ID, APP_ID, CODE, NAME, DESCRIPTION
	, URI, HTTP_METHOD, ICON_URI, OPEN_MODE, IS_BAR_ITEM
	, EFFECTIVE_TIME, INACTIVE_TIME, ORDERED, IS_GROUP, PARENT_ID
	, CREATED_BY, CREATED_TIME, LAST_UPDATED_BY, LAST_UPDATED_TIME)
VALUES
(110007, NULL, 'ORG_VIEW', '组织机构查看', '组织机构查看'
	, 'admin/macula-base/organization/list', 'GET', NULL, 'NORMAL', 0
	, NOW(), NULL, 110007, 0, 14
	, '*SYSADM', NOW(), '*SYSADM', NOW());
INSERT INTO MA_BASE_ACL_MENU
	(ID, APP_ID, CODE, NAME, DESCRIPTION
	, URI, HTTP_METHOD, ICON_URI, OPEN_MODE, IS_BAR_ITEM
	, EFFECTIVE_TIME, INACTIVE_TIME, ORDERED, IS_GROUP, PARENT_ID
	, CREATED_BY, CREATED_TIME, LAST_UPDATED_BY, LAST_UPDATED_TIME)
VALUES
(110012, NULL, 'ONLINE_USER_VIEW', '在线用户信息', '在线用户信息'
	, 'admin/macula-base/sessions/list', 'GET', NULL, 'NORMAL', 0
	, NOW(), NULL, 10, 0, 17
	, '*SYSADM', NOW(), '*SYSADM', NOW());
INSERT INTO MA_BASE_ACL_MENU
	(ID, APP_ID, CODE, NAME, DESCRIPTION
	, URI, HTTP_METHOD, ICON_URI, OPEN_MODE, IS_BAR_ITEM
	, EFFECTIVE_TIME, INACTIVE_TIME, ORDERED, IS_GROUP, PARENT_ID
	, CREATED_BY, CREATED_TIME, LAST_UPDATED_BY, LAST_UPDATED_TIME)
VALUES
(110014, NULL, 'SYS_RUN_INFO', '系统运行信息', '系统运行信息'
	, 'admin/macula-core/system/runtime', 'GET', NULL, 'NORMAL', 0
	, NOW(), NULL, 30, 0, 17
	, '*SYSADM', NOW(), '*SYSADM', NOW());
INSERT INTO MA_BASE_ACL_MENU
	(ID, APP_ID, CODE, NAME, DESCRIPTION
	, URI, HTTP_METHOD, ICON_URI, OPEN_MODE, IS_BAR_ITEM
	, EFFECTIVE_TIME, INACTIVE_TIME, ORDERED, IS_GROUP, PARENT_ID
	, CREATED_BY, CREATED_TIME, LAST_UPDATED_BY, LAST_UPDATED_TIME)
VALUES
(110015, NULL, 'ACCESS_LOG_VIEW', '系统访问日志', '系统访问日志'
	, 'admin/macula-base/accesslog/index', 'GET', NULL, 'NORMAL', 0
	, NOW(), NULL, 25, 0, 17
	, '*SYSADM', NOW(), '*SYSADM', NOW());
INSERT INTO MA_BASE_ACL_MENU VALUES(10000,'*SYSADM','2013-06-14 17:02:02.261000','*SYSADM','2013-06-14 17:02:02.261000','NETWORK_ROOT','网络管理系统',TRUE,NULL,NULL,'2013-06-14 17:02:02.157000',NULL,NULL,NULL,NULL,NULL,NULL,0,FALSE,1);
INSERT INTO MA_BASE_ACL_MENU VALUES(10001,'*SYSADM','2013-06-14 17:02:02.261000','*SYSADM','2013-06-14 17:02:02.261000','NETWORK_GROUP','网络管理',TRUE,NULL,NULL,'2013-06-14 17:02:02.157000',NULL,NULL,NULL,NULL,NULL,NULL,0,FALSE,10000);
INSERT INTO MA_BASE_ACL_MENU VALUES(10002,'*SYSADM','2013-06-14 17:03:45.493000','*SYSADM','2013-06-14 17:03:45.493000','NETWORKRESOURCE_MANAGE','IP管理',FALSE,NULL,'IP管理','2013-06-13 17:03:37.000000','GET',NULL,'admin/network/networkresource/list',NULL,NULL,'NORMAL',0,FALSE,10001);
TRUNCATE TABLE MA_BASE_ACL_POLICY;
INSERT INTO MA_BASE_ACL_POLICY
	(ID, CODE, NAME, APP_ID, IS_DECISION
	, IS_GROUP, PARENT_ID, CREATED_BY, CREATED_TIME, LAST_UPDATED_BY
	, LAST_UPDATED_TIME)
VALUES
(112471, 'ROOT', '业务策略列表', NULL, 0
	, 1, NULL, '*SYSADM', NOW(), '*SYSADM'
	, NOW());

TRUNCATE TABLE MA_BASE_ACL_ROLE;
INSERT INTO MA_BASE_ACL_ROLE
	(ID, CODE, NAME, IS_EXECUTABLE, IS_INHERITABLE, IS_OPPOSITE, IS_ASSIGNABLE, IS_RESIGNABLE
	, IS_RULE, USERRULE_ID, IS_GROUP, PARENT_ID, CREATED_BY
	, CREATED_TIME, LAST_UPDATED_BY, LAST_UPDATED_TIME)
VALUES
(1, 'ROLE', '角色列表', 0, 0, 0, 0, 0
	, 0, NULL, 1, NULL, '*SYSADM'
	, NOW(), '*SYSADM', NOW());
INSERT INTO MA_BASE_ACL_ROLE
	(ID, CODE, NAME, IS_EXECUTABLE, IS_INHERITABLE, IS_OPPOSITE, IS_ASSIGNABLE, IS_RESIGNABLE
	, IS_RULE, USERRULE_ID, IS_GROUP, PARENT_ID, CREATED_BY
	, CREATED_TIME, LAST_UPDATED_BY, LAST_UPDATED_TIME)
VALUES
(4, 'ROLE_PUB', '公用用户角色', 1, 1, 0, 0, 0
	, 1, 4, 0, 3314345, '*SYSADM'
	, NOW(), '*SYSADM', NOW());
INSERT INTO MA_BASE_ACL_ROLE
	(ID, CODE, NAME, IS_EXECUTABLE, IS_INHERITABLE, IS_OPPOSITE, IS_ASSIGNABLE, IS_RESIGNABLE
	, IS_RULE, USERRULE_ID, IS_GROUP, PARENT_ID, CREATED_BY
	, CREATED_TIME, LAST_UPDATED_BY, LAST_UPDATED_TIME)
VALUES
(3, 'ROLE_ADMIN', '管理员角色', 1, 1, 0, 1, 0
	, 0, NULL, 0, 3314345, '*SYSADM'
	, NOW(), '*SYSADM', NOW());
INSERT INTO MA_BASE_ACL_ROLE
	(ID, CODE, NAME, IS_EXECUTABLE, IS_INHERITABLE, IS_OPPOSITE, IS_ASSIGNABLE, IS_RESIGNABLE
	, IS_RULE, USERRULE_ID, IS_GROUP, PARENT_ID, CREATED_BY
	, CREATED_TIME, LAST_UPDATED_BY, LAST_UPDATED_TIME)
VALUES
(2, 'ROLE_USER', '普通用户角色', 1, 1, 0, 1, 1
	, 0, NULL, 0, 3314345, '*SYSADM'
	, NOW(), '*SYSADM', NOW());
INSERT INTO MA_BASE_ACL_ROLE
	(ID, CODE, NAME, IS_EXECUTABLE, IS_INHERITABLE, IS_OPPOSITE, IS_ASSIGNABLE, IS_RESIGNABLE
	, IS_RULE, USERRULE_ID, IS_GROUP, PARENT_ID, CREATED_BY
	, CREATED_TIME, LAST_UPDATED_BY, LAST_UPDATED_TIME)
VALUES
(1000, 'ROLE_LOGINED', '已登录用户角色', 1, 1, 0, 0, 0
	, 1, 3314321, 0, 3314345, '*SYSADM'
	, NOW(), '*SYSADM', NOW());
INSERT INTO MA_BASE_ACL_ROLE
	(ID, CODE, NAME, IS_EXECUTABLE, IS_INHERITABLE, IS_OPPOSITE, IS_ASSIGNABLE, IS_RESIGNABLE
	, IS_RULE, USERRULE_ID, IS_GROUP, PARENT_ID, CREATED_BY
	, CREATED_TIME, LAST_UPDATED_BY, LAST_UPDATED_TIME)
VALUES
(3314345, 'ROLE_SYSTEM', '系统角色分组', 1, 1, 0, 1, 1
	, 0, NULL, 1, 1, '*SYSADM'
	, NOW(), '*SYSADM', NOW());

TRUNCATE TABLE MA_BASE_ACL_ROLE_RES;
INSERT INTO MA_BASE_ACL_ROLE_RES
	(ID, RES_TYPE, ROLE_ID, RES_ID, CREATED_BY
	, CREATED_TIME, LAST_UPDATED_BY, LAST_UPDATED_TIME)
VALUES
(146171, 'MENU', 3, 7, '*SYSADM'
	, NOW(), '*SYSADM', NOW());
INSERT INTO MA_BASE_ACL_ROLE_RES
	(ID, RES_TYPE, ROLE_ID, RES_ID, CREATED_BY
	, CREATED_TIME, LAST_UPDATED_BY, LAST_UPDATED_TIME)
VALUES
(3314095, 'ACTION', 3, 3313835, '*SYSADM'
	, NOW(), '*SYSADM', NOW());
INSERT INTO MA_BASE_ACL_ROLE_RES
	(ID, RES_TYPE, ROLE_ID, RES_ID, CREATED_BY
	, CREATED_TIME, LAST_UPDATED_BY, LAST_UPDATED_TIME)
VALUES
(146173, 'MENU', 3, 9, '*SYSADM'
	, NOW(), '*SYSADM', NOW());
INSERT INTO MA_BASE_ACL_ROLE_RES
	(ID, RES_TYPE, ROLE_ID, RES_ID, CREATED_BY
	, CREATED_TIME, LAST_UPDATED_BY, LAST_UPDATED_TIME)
VALUES
(146174, 'MENU', 3, 98028, '*SYSADM'
	, NOW(), '*SYSADM', NOW());
INSERT INTO MA_BASE_ACL_ROLE_RES
	(ID, RES_TYPE, ROLE_ID, RES_ID, CREATED_BY
	, CREATED_TIME, LAST_UPDATED_BY, LAST_UPDATED_TIME)
VALUES
(146175, 'MENU', 3, 10, '*SYSADM'
	, NOW(), '*SYSADM', NOW());
INSERT INTO MA_BASE_ACL_ROLE_RES
	(ID, RES_TYPE, ROLE_ID, RES_ID, CREATED_BY
	, CREATED_TIME, LAST_UPDATED_BY, LAST_UPDATED_TIME)
VALUES
(146176, 'MENU', 3, 11, '*SYSADM'
	, NOW(), '*SYSADM', NOW());
INSERT INTO MA_BASE_ACL_ROLE_RES
	(ID, RES_TYPE, ROLE_ID, RES_ID, CREATED_BY
	, CREATED_TIME, LAST_UPDATED_BY, LAST_UPDATED_TIME)
VALUES
(146177, 'ACTION', 3, 146064, '*SYSADM'
	, NOW(), '*SYSADM', NOW());
INSERT INTO MA_BASE_ACL_ROLE_RES
	(ID, RES_TYPE, ROLE_ID, RES_ID, CREATED_BY
	, CREATED_TIME, LAST_UPDATED_BY, LAST_UPDATED_TIME)
VALUES
(146178, 'ACTION', 3, 146065, '*SYSADM'
	, NOW(), '*SYSADM', NOW());
INSERT INTO MA_BASE_ACL_ROLE_RES
	(ID, RES_TYPE, ROLE_ID, RES_ID, CREATED_BY
	, CREATED_TIME, LAST_UPDATED_BY, LAST_UPDATED_TIME)
VALUES
(146179, 'ACTION', 3, 146066, '*SYSADM'
	, NOW(), '*SYSADM', NOW());
INSERT INTO MA_BASE_ACL_ROLE_RES
	(ID, RES_TYPE, ROLE_ID, RES_ID, CREATED_BY
	, CREATED_TIME, LAST_UPDATED_BY, LAST_UPDATED_TIME)
VALUES
(146180, 'ACTION', 3, 146067, '*SYSADM'
	, NOW(), '*SYSADM', NOW());
INSERT INTO MA_BASE_ACL_ROLE_RES
	(ID, RES_TYPE, ROLE_ID, RES_ID, CREATED_BY
	, CREATED_TIME, LAST_UPDATED_BY, LAST_UPDATED_TIME)
VALUES
(146181, 'ACTION', 3, 146068, '*SYSADM'
	, NOW(), '*SYSADM', NOW());
INSERT INTO MA_BASE_ACL_ROLE_RES
	(ID, RES_TYPE, ROLE_ID, RES_ID, CREATED_BY
	, CREATED_TIME, LAST_UPDATED_BY, LAST_UPDATED_TIME)
VALUES
(146182, 'ACTION', 3, 146069, '*SYSADM'
	, NOW(), '*SYSADM', NOW());
INSERT INTO MA_BASE_ACL_ROLE_RES
	(ID, RES_TYPE, ROLE_ID, RES_ID, CREATED_BY
	, CREATED_TIME, LAST_UPDATED_BY, LAST_UPDATED_TIME)
VALUES
(146183, 'ACTION', 3, 146070, '*SYSADM'
	, NOW(), '*SYSADM', NOW());
INSERT INTO MA_BASE_ACL_ROLE_RES
	(ID, RES_TYPE, ROLE_ID, RES_ID, CREATED_BY
	, CREATED_TIME, LAST_UPDATED_BY, LAST_UPDATED_TIME)
VALUES
(146184, 'ACTION', 3, 146071, '*SYSADM'
	, NOW(), '*SYSADM', NOW());
INSERT INTO MA_BASE_ACL_ROLE_RES
	(ID, RES_TYPE, ROLE_ID, RES_ID, CREATED_BY
	, CREATED_TIME, LAST_UPDATED_BY, LAST_UPDATED_TIME)
VALUES
(146185, 'ACTION', 3, 146072, '*SYSADM'
	, NOW(), '*SYSADM', NOW());
INSERT INTO MA_BASE_ACL_ROLE_RES
	(ID, RES_TYPE, ROLE_ID, RES_ID, CREATED_BY
	, CREATED_TIME, LAST_UPDATED_BY, LAST_UPDATED_TIME)
VALUES
(146156, 'MENU', 3, 55161, '*SYSADM'
	, NOW(), '*SYSADM', NOW());
INSERT INTO MA_BASE_ACL_ROLE_RES
	(ID, RES_TYPE, ROLE_ID, RES_ID, CREATED_BY
	, CREATED_TIME, LAST_UPDATED_BY, LAST_UPDATED_TIME)
VALUES
(146157, 'MENU', 3, 110004, '*SYSADM'
	, NOW(), '*SYSADM', NOW());
INSERT INTO MA_BASE_ACL_ROLE_RES
	(ID, RES_TYPE, ROLE_ID, RES_ID, CREATED_BY
	, CREATED_TIME, LAST_UPDATED_BY, LAST_UPDATED_TIME)
VALUES
(146158, 'MENU', 3, 110005, '*SYSADM'
	, NOW(), '*SYSADM', NOW());
INSERT INTO MA_BASE_ACL_ROLE_RES
	(ID, RES_TYPE, ROLE_ID, RES_ID, CREATED_BY
	, CREATED_TIME, LAST_UPDATED_BY, LAST_UPDATED_TIME)
VALUES
(146159, 'MENU', 3, 55159, '*SYSADM'
	, NOW(), '*SYSADM', NOW());
INSERT INTO MA_BASE_ACL_ROLE_RES
	(ID, RES_TYPE, ROLE_ID, RES_ID, CREATED_BY
	, CREATED_TIME, LAST_UPDATED_BY, LAST_UPDATED_TIME)
VALUES
(146160, 'MENU', 3, 18, '*SYSADM'
	, NOW(), '*SYSADM', NOW());
INSERT INTO MA_BASE_ACL_ROLE_RES
	(ID, RES_TYPE, ROLE_ID, RES_ID, CREATED_BY
	, CREATED_TIME, LAST_UPDATED_BY, LAST_UPDATED_TIME)
VALUES
(146161, 'MENU', 3, 55160, '*SYSADM'
	, NOW(), '*SYSADM', NOW());
INSERT INTO MA_BASE_ACL_ROLE_RES
	(ID, RES_TYPE, ROLE_ID, RES_ID, CREATED_BY
	, CREATED_TIME, LAST_UPDATED_BY, LAST_UPDATED_TIME)
VALUES
(146162, 'MENU', 3, 110007, '*SYSADM'
	, NOW(), '*SYSADM', NOW());
INSERT INTO MA_BASE_ACL_ROLE_RES
	(ID, RES_TYPE, ROLE_ID, RES_ID, CREATED_BY
	, CREATED_TIME, LAST_UPDATED_BY, LAST_UPDATED_TIME)
VALUES
(146163, 'MENU', 3, 55162, '*SYSADM'
	, NOW(), '*SYSADM', NOW());
INSERT INTO MA_BASE_ACL_ROLE_RES
	(ID, RES_TYPE, ROLE_ID, RES_ID, CREATED_BY
	, CREATED_TIME, LAST_UPDATED_BY, LAST_UPDATED_TIME)
VALUES
(146164, 'MENU', 3, 55163, '*SYSADM'
	, NOW(), '*SYSADM', NOW());
INSERT INTO MA_BASE_ACL_ROLE_RES
	(ID, RES_TYPE, ROLE_ID, RES_ID, CREATED_BY
	, CREATED_TIME, LAST_UPDATED_BY, LAST_UPDATED_TIME)
VALUES
(146165, 'MENU', 3, 55164, '*SYSADM'
	, NOW(), '*SYSADM', NOW());
INSERT INTO MA_BASE_ACL_ROLE_RES
	(ID, RES_TYPE, ROLE_ID, RES_ID, CREATED_BY
	, CREATED_TIME, LAST_UPDATED_BY, LAST_UPDATED_TIME)
VALUES
(146166, 'MENU', 3, 19, '*SYSADM'
	, NOW(), '*SYSADM', NOW());
INSERT INTO MA_BASE_ACL_ROLE_RES
	(ID, RES_TYPE, ROLE_ID, RES_ID, CREATED_BY
	, CREATED_TIME, LAST_UPDATED_BY, LAST_UPDATED_TIME)
VALUES
(146167, 'MENU', 3, 110012, '*SYSADM'
	, NOW(), '*SYSADM', NOW());
INSERT INTO MA_BASE_ACL_ROLE_RES
	(ID, RES_TYPE, ROLE_ID, RES_ID, CREATED_BY
	, CREATED_TIME, LAST_UPDATED_BY, LAST_UPDATED_TIME)
VALUES
(146168, 'MENU', 3, 110014, '*SYSADM'
	, NOW(), '*SYSADM', NOW());
INSERT INTO MA_BASE_ACL_ROLE_RES
	(ID, RES_TYPE, ROLE_ID, RES_ID, CREATED_BY
	, CREATED_TIME, LAST_UPDATED_BY, LAST_UPDATED_TIME)
VALUES
(146169, 'MENU', 3, 110015, '*SYSADM'
	, NOW(), '*SYSADM', NOW());
INSERT INTO MA_BASE_ACL_ROLE_RES
	(ID, RES_TYPE, ROLE_ID, RES_ID, CREATED_BY
	, CREATED_TIME, LAST_UPDATED_BY, LAST_UPDATED_TIME)
VALUES
(146170, 'MENU', 3, 6, '*SYSADM'
	, NOW(), '*SYSADM', NOW());
INSERT INTO MA_BASE_ACL_ROLE_RES
	(ID, RES_TYPE, ROLE_ID, RES_ID, CREATED_BY
	, CREATED_TIME, LAST_UPDATED_BY, LAST_UPDATED_TIME)
VALUES
(146186, 'ACTION', 3, 146073, '*SYSADM'
	, NOW(), '*SYSADM', NOW());
INSERT INTO MA_BASE_ACL_ROLE_RES
	(ID, RES_TYPE, ROLE_ID, RES_ID, CREATED_BY
	, CREATED_TIME, LAST_UPDATED_BY, LAST_UPDATED_TIME)
VALUES
(146187, 'ACTION', 3, 146074, '*SYSADM'
	, NOW(), '*SYSADM', NOW());
INSERT INTO MA_BASE_ACL_ROLE_RES
	(ID, RES_TYPE, ROLE_ID, RES_ID, CREATED_BY
	, CREATED_TIME, LAST_UPDATED_BY, LAST_UPDATED_TIME)
VALUES
(146188, 'ACTION', 3, 146075, '*SYSADM'
	, NOW(), '*SYSADM', NOW());
INSERT INTO MA_BASE_ACL_ROLE_RES
	(ID, RES_TYPE, ROLE_ID, RES_ID, CREATED_BY
	, CREATED_TIME, LAST_UPDATED_BY, LAST_UPDATED_TIME)
VALUES
(146189, 'ACTION', 3, 146076, '*SYSADM'
	, NOW(), '*SYSADM', NOW());
INSERT INTO MA_BASE_ACL_ROLE_RES
	(ID, RES_TYPE, ROLE_ID, RES_ID, CREATED_BY
	, CREATED_TIME, LAST_UPDATED_BY, LAST_UPDATED_TIME)
VALUES
(146190, 'ACTION', 3, 146077, '*SYSADM'
	, NOW(), '*SYSADM', NOW());
INSERT INTO MA_BASE_ACL_ROLE_RES
	(ID, RES_TYPE, ROLE_ID, RES_ID, CREATED_BY
	, CREATED_TIME, LAST_UPDATED_BY, LAST_UPDATED_TIME)
VALUES
(146191, 'ACTION', 3, 146078, '*SYSADM'
	, NOW(), '*SYSADM', NOW());
INSERT INTO MA_BASE_ACL_ROLE_RES
	(ID, RES_TYPE, ROLE_ID, RES_ID, CREATED_BY
	, CREATED_TIME, LAST_UPDATED_BY, LAST_UPDATED_TIME)
VALUES
(146192, 'ACTION', 3, 146079, '*SYSADM'
	, NOW(), '*SYSADM', NOW());
INSERT INTO MA_BASE_ACL_ROLE_RES
	(ID, RES_TYPE, ROLE_ID, RES_ID, CREATED_BY
	, CREATED_TIME, LAST_UPDATED_BY, LAST_UPDATED_TIME)
VALUES
(146193, 'ACTION', 3, 146080, '*SYSADM'
	, NOW(), '*SYSADM', NOW());
INSERT INTO MA_BASE_ACL_ROLE_RES
	(ID, RES_TYPE, ROLE_ID, RES_ID, CREATED_BY
	, CREATED_TIME, LAST_UPDATED_BY, LAST_UPDATED_TIME)
VALUES
(146194, 'ACTION', 3, 146060, '*SYSADM'
	, NOW(), '*SYSADM', NOW());
INSERT INTO MA_BASE_ACL_ROLE_RES
	(ID, RES_TYPE, ROLE_ID, RES_ID, CREATED_BY
	, CREATED_TIME, LAST_UPDATED_BY, LAST_UPDATED_TIME)
VALUES
(146195, 'ACTION', 3, 146061, '*SYSADM'
	, NOW(), '*SYSADM', NOW());
INSERT INTO MA_BASE_ACL_ROLE_RES
	(ID, RES_TYPE, ROLE_ID, RES_ID, CREATED_BY
	, CREATED_TIME, LAST_UPDATED_BY, LAST_UPDATED_TIME)
VALUES
(146196, 'ACTION', 3, 146062, '*SYSADM'
	, NOW(), '*SYSADM', NOW());
INSERT INTO MA_BASE_ACL_ROLE_RES
	(ID, RES_TYPE, ROLE_ID, RES_ID, CREATED_BY
	, CREATED_TIME, LAST_UPDATED_BY, LAST_UPDATED_TIME)
VALUES
(150754, 'MENU', 3, 150746, '*SYSADM'
	, NOW(), '*SYSADM', NOW());
INSERT INTO MA_BASE_ACL_ROLE_RES
	(ID, RES_TYPE, ROLE_ID, RES_ID, CREATED_BY
	, CREATED_TIME, LAST_UPDATED_BY, LAST_UPDATED_TIME)
VALUES
(3314416, 'ACTION', 3, 3314369, '*SYSADM'
	, NOW(), '*SYSADM', NOW());
INSERT INTO MA_BASE_ACL_ROLE_RES
	(ID, RES_TYPE, ROLE_ID, RES_ID, CREATED_BY
	, CREATED_TIME, LAST_UPDATED_BY, LAST_UPDATED_TIME)
VALUES
(3314376, 'MENU', 3, 3314372, '3419'
	, NOW(), '*SYSADM', NOW());
INSERT INTO MA_BASE_ACL_ROLE_RES
	(ID, RES_TYPE, ROLE_ID, RES_ID, CREATED_BY
	, CREATED_TIME, LAST_UPDATED_BY, LAST_UPDATED_TIME)
VALUES
(3314391, 'ACTION', 1000, 3314383, '3419'
	, NOW(), '*SYSADM', NOW());
INSERT INTO MA_BASE_ACL_ROLE_RES
	(ID, RES_TYPE, ROLE_ID, RES_ID, CREATED_BY
	, CREATED_TIME, LAST_UPDATED_BY, LAST_UPDATED_TIME)
VALUES
(3314377, 'ACTION', 3, 3314374, '3419'
	, NOW(), '*SYSADM', NOW());
INSERT INTO MA_BASE_ACL_ROLE_RES
	(ID, RES_TYPE, ROLE_ID, RES_ID, CREATED_BY
	, CREATED_TIME, LAST_UPDATED_BY, LAST_UPDATED_TIME)
VALUES
(3314392, 'ACTION', 1000, 3314390, '3419'
	, NOW(), '*SYSADM', NOW());
INSERT INTO MA_BASE_ACL_ROLE_RES
	(ID, RES_TYPE, ROLE_ID, RES_ID, CREATED_BY
	, CREATED_TIME, LAST_UPDATED_BY, LAST_UPDATED_TIME)
VALUES
(3314397, 'ACTION', 3, 3314371, '*SYSADM'
	, NOW(), '*SYSADM', NOW());
INSERT INTO MA_BASE_ACL_ROLE_RES
	(ID, RES_TYPE, ROLE_ID, RES_ID, CREATED_BY
	, CREATED_TIME, LAST_UPDATED_BY, LAST_UPDATED_TIME)
VALUES
(3314398, 'ACTION', 3, 3314378, '*SYSADM'
	, NOW(), '*SYSADM', NOW());
INSERT INTO MA_BASE_ACL_ROLE_RES
	(ID, RES_TYPE, ROLE_ID, RES_ID, CREATED_BY
	, CREATED_TIME, LAST_UPDATED_BY, LAST_UPDATED_TIME)
VALUES
(3314399, 'ACTION', 3, 3314379, '*SYSADM'
	, NOW(), '*SYSADM', NOW());
INSERT INTO MA_BASE_ACL_ROLE_RES
	(ID, RES_TYPE, ROLE_ID, RES_ID, CREATED_BY
	, CREATED_TIME, LAST_UPDATED_BY, LAST_UPDATED_TIME)
VALUES
(3314304, 'ACTION', 3313861, 3313856, '*SYSADM'
	, NOW(), '*SYSADM', NOW());
INSERT INTO MA_BASE_ACL_ROLE_RES
	(ID, RES_TYPE, ROLE_ID, RES_ID, CREATED_BY
	, CREATED_TIME, LAST_UPDATED_BY, LAST_UPDATED_TIME)
VALUES
(3314323, 'ACTION', 1000, 146232, '*SYSADM'
	, NOW(), '*SYSADM', NOW());
INSERT INTO MA_BASE_ACL_ROLE_RES
	(ID, RES_TYPE, ROLE_ID, RES_ID, CREATED_BY
	, CREATED_TIME, LAST_UPDATED_BY, LAST_UPDATED_TIME)
VALUES
(3314320, 'MENU', 3, 164900, '*SYSADM'
	, NOW(), '*SYSADM', NOW());
INSERT INTO MA_BASE_ACL_ROLE_RES
	(ID, RES_TYPE, ROLE_ID, RES_ID, CREATED_BY
	, CREATED_TIME, LAST_UPDATED_BY, LAST_UPDATED_TIME)
VALUES
(3314100, 'ACTION', 3, 3313856, '*SYSADM'
	, NOW(), '*SYSADM', NOW());
INSERT INTO MA_BASE_ACL_ROLE_RES
	(ID, RES_TYPE, ROLE_ID, RES_ID, CREATED_BY
	, CREATED_TIME, LAST_UPDATED_BY, LAST_UPDATED_TIME)
VALUES
(3314138, 'ACTION', 3313861, 3313835, '*SYSADM'
	, NOW(), '*SYSADM', NOW());
INSERT INTO MA_BASE_ACL_ROLE_RES
	(ID, RES_TYPE, ROLE_ID, RES_ID, CREATED_BY
	, CREATED_TIME, LAST_UPDATED_BY, LAST_UPDATED_TIME)
VALUES
(4314374, 'MENU', 3, 10002, '*SYSADM'
	, NOW(), '*SYSADM', NOW());
INSERT INTO MA_BASE_ACL_ROLE_RES
	(ID, RES_TYPE, ROLE_ID, RES_ID, CREATED_BY
	, CREATED_TIME, LAST_UPDATED_BY, LAST_UPDATED_TIME)
VALUES
(4314375, 'MENU', 3, 10003, '*SYSADM'
	, NOW(), '*SYSADM', NOW());
INSERT INTO MA_BASE_ACL_ROLE_RES
	(ID, RES_TYPE, ROLE_ID, RES_ID, CREATED_BY
	, CREATED_TIME, LAST_UPDATED_BY, LAST_UPDATED_TIME)
VALUES
(4314376, 'MENU', 3, 10004, '*SYSADM'
	, NOW(), '*SYSADM', NOW());	

INSERT INTO MA_BASE_ACL_ROLE_RES
	(ID, RES_TYPE, ROLE_ID, RES_ID, CREATED_BY
	, CREATED_TIME, LAST_UPDATED_BY, LAST_UPDATED_TIME)
VALUES
(43143750, 'MENU', 1000, 10003, '*SYSADM'
	, NOW(), '*SYSADM', NOW());
INSERT INTO MA_BASE_ACL_ROLE_RES
	(ID, RES_TYPE, ROLE_ID, RES_ID, CREATED_BY
	, CREATED_TIME, LAST_UPDATED_BY, LAST_UPDATED_TIME)
VALUES
(43143760, 'MENU', 1000, 10004, '*SYSADM'
	, NOW(), '*SYSADM', NOW());

INSERT INTO MA_BASE_ACL_ROLE_RES
	(ID, RES_TYPE, ROLE_ID, RES_ID, CREATED_BY
	, CREATED_TIME, LAST_UPDATED_BY, LAST_UPDATED_TIME)
VALUES
(43143761, 'ACTION', 3, 10002, '*SYSADM'
	, NOW(), '*SYSADM', NOW());
INSERT INTO MA_BASE_ACL_ROLE_RES
	(ID, RES_TYPE, ROLE_ID, RES_ID, CREATED_BY
	, CREATED_TIME, LAST_UPDATED_BY, LAST_UPDATED_TIME)
VALUES
(43143762, 'ACTION', 3, 10003, '*SYSADM'
	, NOW(), '*SYSADM', NOW());
INSERT INTO MA_BASE_ACL_ROLE_RES
	(ID, RES_TYPE, ROLE_ID, RES_ID, CREATED_BY
	, CREATED_TIME, LAST_UPDATED_BY, LAST_UPDATED_TIME)
VALUES
(43143763, 'ACTION', 3, 10004, '*SYSADM'
	, NOW(), '*SYSADM', NOW());
INSERT INTO MA_BASE_ACL_ROLE_RES
	(ID, RES_TYPE, ROLE_ID, RES_ID, CREATED_BY
	, CREATED_TIME, LAST_UPDATED_BY, LAST_UPDATED_TIME)
VALUES
(43143764, 'ACTION', 1000, 10003, '*SYSADM'
	, NOW(), '*SYSADM', NOW());
INSERT INTO MA_BASE_ACL_ROLE_RES
	(ID, RES_TYPE, ROLE_ID, RES_ID, CREATED_BY
	, CREATED_TIME, LAST_UPDATED_BY, LAST_UPDATED_TIME)
VALUES
(43143765, 'ACTION', 1000, 10004, '*SYSADM'
	, NOW(), '*SYSADM', NOW());		
	

TRUNCATE TABLE MA_BASE_ACL_USER_ROLE;
INSERT INTO MA_BASE_ACL_USER_ROLE
	(ID, USER_NAME, ROLE_ID, CREATED_BY, CREATED_TIME
	, LAST_UPDATED_BY, LAST_UPDATED_TIME)
VALUES
(1, '4291', 3, '*SYSADM', NOW()
	, '*SYSADM', NOW());

TRUNCATE TABLE MA_BASE_ACL_USER_RULE;
INSERT INTO MA_BASE_ACL_USER_RULE
	(ID, CODE, NAME, APP_ID, EXP_TEXT
	, IS_GROUP, PARENT_ID, CREATED_BY, CREATED_TIME, LAST_UPDATED_BY
	, LAST_UPDATED_TIME)
VALUES
(2, 'USER_RULE_ADMIN', '系统管理员规则', NULL, 'user.roleCodes.contains(''ROLE_ADMIN'')'
	, 0, 1, '*SYSADM', NOW(), '*SYSADM'
	, NOW());
INSERT INTO MA_BASE_ACL_USER_RULE
	(ID, CODE, NAME, APP_ID, EXP_TEXT
	, IS_GROUP, PARENT_ID, CREATED_BY, CREATED_TIME, LAST_UPDATED_BY
	, LAST_UPDATED_TIME)
VALUES
(1, 'ROOT', '用户规则列表', NULL, NULL
	, 1, NULL, '*SYSADM', NOW(), '*SYSADM'
	, NOW());
INSERT INTO MA_BASE_ACL_USER_RULE
	(ID, CODE, NAME, APP_ID, EXP_TEXT
	, IS_GROUP, PARENT_ID, CREATED_BY, CREATED_TIME, LAST_UPDATED_BY
	, LAST_UPDATED_TIME)
VALUES
(4, 'USER_RULE_PUB', '所有用户规则', NULL, 'true'
	, 0, 1, '*SYSADM', NOW(), '*SYSADM'
	, NOW());
INSERT INTO MA_BASE_ACL_USER_RULE
	(ID, CODE, NAME, APP_ID, EXP_TEXT
	, IS_GROUP, PARENT_ID, CREATED_BY, CREATED_TIME, LAST_UPDATED_BY
	, LAST_UPDATED_TIME)
VALUES
(3, 'USER_RULE_USER', '普通用户规则', NULL, 'user.roleCodes.contains(''ROLE_USER'')'
	, 0, 1, '*SYSADM', NOW(), '*SYSADM'
	, NOW());
INSERT INTO MA_BASE_ACL_USER_RULE
	(ID, CODE, NAME, APP_ID, EXP_TEXT
	, IS_GROUP, PARENT_ID, CREATED_BY, CREATED_TIME, LAST_UPDATED_BY
	, LAST_UPDATED_TIME)
VALUES
(3314321, 'USER_RULE_LOGINED', '所有登录用户规则', NULL, 'user.password != null'
	, 0, 1, '*SYSADM', NOW(), '*SYSADM'
	, NOW());

TRUNCATE TABLE MA_BASE_DATA_PARAM;
INSERT INTO MA_BASE_DATA_PARAM
	(ID, APP_ID, TYPE, CODE, NAME
	, VALUE, VALUE_SCOPE, PARAM_CLZ, DATASOURCE_ID, ORDERED
	, IS_GROUP, IS_ENABLED, PARENT_ID, COMMENTS, CREATED_BY
	, CREATED_TIME, LAST_UPDATED_BY, LAST_UPDATED_TIME)
VALUES
(146097, NULL, 'MA_RES_CAT', 'menu_tree_sugguest', '菜单树选择'
	, 'SELECT ID, CODE AS CODE, NAME AS LABEL, PARENT_ID AS PID, IS_GROUP AS ISGROUP, ORDERED FROM MA_BASE_ACL_MENU', 'NONE', 'String', 1, 4
	, 0, 1, 34464, NULL, '*SYSADM'
	, NOW(), '*SYSADM', NOW());
INSERT INTO MA_BASE_DATA_PARAM
	(ID, APP_ID, TYPE, CODE, NAME
	, VALUE, VALUE_SCOPE, PARAM_CLZ, DATASOURCE_ID, ORDERED
	, IS_GROUP, IS_ENABLED, PARENT_ID, COMMENTS, CREATED_BY
	, CREATED_TIME, LAST_UPDATED_BY, LAST_UPDATED_TIME)
VALUES
(138394, NULL, 'UIM_MANAGE', 'uim_office_title', '职位'
	, '董事长兼行政总裁|高级副总裁|副总裁|总经理|总监|经理|副经理|主任|副主任|高级职员|职员|顾问|工人', 'NONE', 'String', NULL, 0
	, 0, 1, 112368, NULL, '*SYSADM'
	, NOW(), '*SYSADM', NOW());
INSERT INTO MA_BASE_DATA_PARAM
	(ID, APP_ID, TYPE, CODE, NAME
	, VALUE, VALUE_SCOPE, PARAM_CLZ, DATASOURCE_ID, ORDERED
	, IS_GROUP, IS_ENABLED, PARENT_ID, COMMENTS, CREATED_BY
	, CREATED_TIME, LAST_UPDATED_BY, LAST_UPDATED_TIME)
VALUES
(32, NULL, 'UIM_MANAGE', 'user_from', '用户来源'
	, 'SELECT APP_ID AS CODE, APP_NAME AS LABEL FROM MA_BASE_APPLICATION', 'NONE', 'String', 1, 1
	, 0, 1, 112368, NULL, 'KANE'
	, NOW(), '*SYSADM', NOW());
INSERT INTO MA_BASE_DATA_PARAM
	(ID, APP_ID, TYPE, CODE, NAME
	, VALUE, VALUE_SCOPE, PARAM_CLZ, DATASOURCE_ID, ORDERED
	, IS_GROUP, IS_ENABLED, PARENT_ID, COMMENTS, CREATED_BY
	, CREATED_TIME, LAST_UPDATED_BY, LAST_UPDATED_TIME)
VALUES
(1, NULL, 'GROUP', 'ROOT', '数据参数列表'
	, 'ROOT', 'NONE', 'String', NULL, 1
	, 1, 1, NULL, NULL, '*SYSADM'
	, NOW(), '*SYSADM', NOW());
INSERT INTO MA_BASE_DATA_PARAM
	(ID, APP_ID, TYPE, CODE, NAME
	, VALUE, VALUE_SCOPE, PARAM_CLZ, DATASOURCE_ID, ORDERED
	, IS_GROUP, IS_ENABLED, PARENT_ID, COMMENTS, CREATED_BY
	, CREATED_TIME, LAST_UPDATED_BY, LAST_UPDATED_TIME)
VALUES
(33, NULL, 'UIM_MANAGE', 'time_zone', '时间区域'
	, 'GMT+0800|GMT-0800', 'NONE', 'String', NULL, 1
	, 0, 1, 112368, NULL, 'KANE'
	, NOW(), '*SYSADM', NOW());
INSERT INTO MA_BASE_DATA_PARAM
	(ID, APP_ID, TYPE, CODE, NAME
	, VALUE, VALUE_SCOPE, PARAM_CLZ, DATASOURCE_ID, ORDERED
	, IS_GROUP, IS_ENABLED, PARENT_ID, COMMENTS, CREATED_BY
	, CREATED_TIME, LAST_UPDATED_BY, LAST_UPDATED_TIME)
VALUES
(34, NULL, 'UIM_MANAGE', 'language', '语言'
	, 'ZH_CN:中文|EN_US:英文', 'NONE', 'String', NULL, 1
	, 0, 0, 112368, NULL, 'KANE'
	, NOW(), '*SYSADM', NOW());
INSERT INTO MA_BASE_DATA_PARAM
	(ID, APP_ID, TYPE, CODE, NAME
	, VALUE, VALUE_SCOPE, PARAM_CLZ, DATASOURCE_ID, ORDERED
	, IS_GROUP, IS_ENABLED, PARENT_ID, COMMENTS, CREATED_BY
	, CREATED_TIME, LAST_UPDATED_BY, LAST_UPDATED_TIME)
VALUES
(35, NULL, 'UIM_MANAGE', 'theme', '主题'
	, '1:默认主题|2:经典主题', 'NONE', 'String', NULL, 1
	, 0, 1, 112368, NULL, 'KANE'
	, NOW(), '*SYSADM', NOW());
INSERT INTO MA_BASE_DATA_PARAM
	(ID, APP_ID, TYPE, CODE, NAME
	, VALUE, VALUE_SCOPE, PARAM_CLZ, DATASOURCE_ID, ORDERED
	, IS_GROUP, IS_ENABLED, PARENT_ID, COMMENTS, CREATED_BY
	, CREATED_TIME, LAST_UPDATED_BY, LAST_UPDATED_TIME)
VALUES
(24, NULL, 'UIM_MANAGE', 'synctype_list', '同步类型列表'
	, 'JDBC_PUSH_ITEM:迭代执行|JDBC_PUSH_ALL:一次执行|JDBC_PROCEDURE_ALL:存储过程|POLL:接口方式', 'NONE', 'String', NULL, 2
	, 0, 1, 112368, NULL, '*SYSADM'
	, NOW(), '*SYSADM', NOW());
INSERT INTO MA_BASE_DATA_PARAM
	(ID, APP_ID, TYPE, CODE, NAME
	, VALUE, VALUE_SCOPE, PARAM_CLZ, DATASOURCE_ID, ORDERED
	, IS_GROUP, IS_ENABLED, PARENT_ID, COMMENTS, CREATED_BY
	, CREATED_TIME, LAST_UPDATED_BY, LAST_UPDATED_TIME)
VALUES
(36, NULL, 'UIM_MANAGE', 'user_organization', '所属组织'
	, 'SELECT OA_ID AS ID, CODE, NAME AS LABEL, PARENT_ID AS PID, IS_GROUP AS ISGROUP FROM MA_BASE_ACL_ORG WHERE ENABLED=1', 'NONE', 'String', 1, 1
	, 0, 1, 112368, NULL, 'KANE'
	, NOW(), '*SYSADM', NOW());
INSERT INTO MA_BASE_DATA_PARAM
	(ID, APP_ID, TYPE, CODE, NAME
	, VALUE, VALUE_SCOPE, PARAM_CLZ, DATASOURCE_ID, ORDERED
	, IS_GROUP, IS_ENABLED, PARENT_ID, COMMENTS, CREATED_BY
	, CREATED_TIME, LAST_UPDATED_BY, LAST_UPDATED_TIME)
VALUES
(31, NULL, 'UIM_MANAGE', 'user_type', '用户类型'
	, 'ADM:系统管理员|EMP:员工|D00:业务员|C00:业务员子用户|SUP:外包|APP:应用系统', 'NONE', 'String', NULL, 1
	, 0, 1, 112368, NULL, 'KANE'
	, NOW(), '*SYSADM', NOW());
INSERT INTO MA_BASE_DATA_PARAM
	(ID, APP_ID, TYPE, CODE, NAME
	, VALUE, VALUE_SCOPE, PARAM_CLZ, DATASOURCE_ID, ORDERED
	, IS_GROUP, IS_ENABLED, PARENT_ID, COMMENTS, CREATED_BY
	, CREATED_TIME, LAST_UPDATED_BY, LAST_UPDATED_TIME)
VALUES
(99726, NULL, 'PASSWORD', 'check_syntax', 'CHECK_SYNTAX'
	, 'true', 'NONE', 'Boolean', NULL, 1
	, 0, 1, 100000, NULL, '*SYSADM'
	, NOW(), '*SYSADM', NOW());
INSERT INTO MA_BASE_DATA_PARAM
	(ID, APP_ID, TYPE, CODE, NAME
	, VALUE, VALUE_SCOPE, PARAM_CLZ, DATASOURCE_ID, ORDERED
	, IS_GROUP, IS_ENABLED, PARENT_ID, COMMENTS, CREATED_BY
	, CREATED_TIME, LAST_UPDATED_BY, LAST_UPDATED_TIME)
VALUES
(112368, NULL, 'GROUP', 'UIM_GROUP', '统一身份管理'
	, 'GROUP', 'NONE', 'String', NULL, 112368
	, 1, 0, 100001, NULL, '*SYSADM'
	, NOW(), '*SYSADM', NOW());
INSERT INTO MA_BASE_DATA_PARAM
	(ID, APP_ID, TYPE, CODE, NAME
	, VALUE, VALUE_SCOPE, PARAM_CLZ, DATASOURCE_ID, ORDERED
	, IS_GROUP, IS_ENABLED, PARENT_ID, COMMENTS, CREATED_BY
	, CREATED_TIME, LAST_UPDATED_BY, LAST_UPDATED_TIME)
VALUES
(99728, NULL, 'PASSWORD', 'min_length', 'MIN_LENGTH'
	, '6', 'NONE', 'Integer', NULL, 1
	, 0, 1, 100000, NULL, '*SYSADM'
	, NOW(), '*SYSADM', NOW());
INSERT INTO MA_BASE_DATA_PARAM
	(ID, APP_ID, TYPE, CODE, NAME
	, VALUE, VALUE_SCOPE, PARAM_CLZ, DATASOURCE_ID, ORDERED
	, IS_GROUP, IS_ENABLED, PARENT_ID, COMMENTS, CREATED_BY
	, CREATED_TIME, LAST_UPDATED_BY, LAST_UPDATED_TIME)
VALUES
(99729, NULL, 'PASSWORD', 'history_count', 'HISTORY_COUNT'
	, '6', 'NONE', 'Integer', NULL, 1
	, 0, 1, 100000, NULL, '*SYSADM'
	, NOW(), '*SYSADM', NOW());
INSERT INTO MA_BASE_DATA_PARAM
	(ID, APP_ID, TYPE, CODE, NAME
	, VALUE, VALUE_SCOPE, PARAM_CLZ, DATASOURCE_ID, ORDERED
	, IS_GROUP, IS_ENABLED, PARENT_ID, COMMENTS, CREATED_BY
	, CREATED_TIME, LAST_UPDATED_BY, LAST_UPDATED_TIME)
VALUES
(99730, NULL, 'PASSWORD', 'allow_disabled', 'ALLOW_DISABLED'
	, 'true', 'NONE', 'Boolean', NULL, 1
	, 0, 1, 100000, NULL, '*SYSADM'
	, NOW(), '*SYSADM', NOW());
INSERT INTO MA_BASE_DATA_PARAM
	(ID, APP_ID, TYPE, CODE, NAME
	, VALUE, VALUE_SCOPE, PARAM_CLZ, DATASOURCE_ID, ORDERED
	, IS_GROUP, IS_ENABLED, PARENT_ID, COMMENTS, CREATED_BY
	, CREATED_TIME, LAST_UPDATED_BY, LAST_UPDATED_TIME)
VALUES
(99731, NULL, 'PASSWORD', 'disabled_max_time', 'DISABLED_MAX_TIME'
	, '90', 'NONE', 'Integer', NULL, 1
	, 0, 1, 100000, NULL, '*SYSADM'
	, NOW(), '*SYSADM', NOW());
INSERT INTO MA_BASE_DATA_PARAM
	(ID, APP_ID, TYPE, CODE, NAME
	, VALUE, VALUE_SCOPE, PARAM_CLZ, DATASOURCE_ID, ORDERED
	, IS_GROUP, IS_ENABLED, PARENT_ID, COMMENTS, CREATED_BY
	, CREATED_TIME, LAST_UPDATED_BY, LAST_UPDATED_TIME)
VALUES
(99732, NULL, 'PASSWORD', 'disabled_alert_time', 'DISABLED_ALERT_TIME'
	, '3', 'NONE', 'Integer', NULL, 1
	, 0, 1, 100000, NULL, '*SYSADM'
	, NOW(), '*SYSADM', NOW());
INSERT INTO MA_BASE_DATA_PARAM
	(ID, APP_ID, TYPE, CODE, NAME
	, VALUE, VALUE_SCOPE, PARAM_CLZ, DATASOURCE_ID, ORDERED
	, IS_GROUP, IS_ENABLED, PARENT_ID, COMMENTS, CREATED_BY
	, CREATED_TIME, LAST_UPDATED_BY, LAST_UPDATED_TIME)
VALUES
(99733, NULL, 'PASSWORD', 'disabled_allow_time', 'DISABLED_ALLOW_TIME'
	, '0', 'NONE', 'Integer', NULL, 1
	, 0, 1, 100000, NULL, '*SYSADM'
	, NOW(), '*SYSADM', NOW());
INSERT INTO MA_BASE_DATA_PARAM
	(ID, APP_ID, TYPE, CODE, NAME
	, VALUE, VALUE_SCOPE, PARAM_CLZ, DATASOURCE_ID, ORDERED
	, IS_GROUP, IS_ENABLED, PARENT_ID, COMMENTS, CREATED_BY
	, CREATED_TIME, LAST_UPDATED_BY, LAST_UPDATED_TIME)
VALUES
(99734, NULL, 'PASSWORD', 'lock_allowed', 'LOCK_ALLOWED'
	, 'true', 'NONE', 'Boolean', NULL, 1
	, 0, 1, 100000, NULL, '*SYSADM'
	, NOW(), '*SYSADM', NOW());
INSERT INTO MA_BASE_DATA_PARAM
	(ID, APP_ID, TYPE, CODE, NAME
	, VALUE, VALUE_SCOPE, PARAM_CLZ, DATASOURCE_ID, ORDERED
	, IS_GROUP, IS_ENABLED, PARENT_ID, COMMENTS, CREATED_BY
	, CREATED_TIME, LAST_UPDATED_BY, LAST_UPDATED_TIME)
VALUES
(99735, NULL, 'PASSWORD', 'max_fail_number', 'MAX_FAIL_NUMBER'
	, '30', 'NONE', 'Integer', NULL, 1
	, 0, 1, 100000, NULL, '*SYSADM'
	, NOW(), '*SYSADM', NOW());
INSERT INTO MA_BASE_DATA_PARAM
	(ID, APP_ID, TYPE, CODE, NAME
	, VALUE, VALUE_SCOPE, PARAM_CLZ, DATASOURCE_ID, ORDERED
	, IS_GROUP, IS_ENABLED, PARENT_ID, COMMENTS, CREATED_BY
	, CREATED_TIME, LAST_UPDATED_BY, LAST_UPDATED_TIME)
VALUES
(99736, NULL, 'PASSWORD', 'reset_fail_time', 'RESET_FAIL_TIME'
	, '11', 'NONE', 'Integer', NULL, 1
	, 0, 1, 100000, NULL, '*SYSADM'
	, NOW(), '*SYSADM', NOW());
INSERT INTO MA_BASE_DATA_PARAM
	(ID, APP_ID, TYPE, CODE, NAME
	, VALUE, VALUE_SCOPE, PARAM_CLZ, DATASOURCE_ID, ORDERED
	, IS_GROUP, IS_ENABLED, PARENT_ID, COMMENTS, CREATED_BY
	, CREATED_TIME, LAST_UPDATED_BY, LAST_UPDATED_TIME)
VALUES
(99737, NULL, 'PASSWORD', 'keep_locked_time', 'KEEP_LOCKED_TIME'
	, '-1', 'NONE', 'Integer', NULL, 1
	, 0, 1, 100000, NULL, '*SYSADM'
	, NOW(), '*SYSADM', NOW());
INSERT INTO MA_BASE_DATA_PARAM
	(ID, APP_ID, TYPE, CODE, NAME
	, VALUE, VALUE_SCOPE, PARAM_CLZ, DATASOURCE_ID, ORDERED
	, IS_GROUP, IS_ENABLED, PARENT_ID, COMMENTS, CREATED_BY
	, CREATED_TIME, LAST_UPDATED_BY, LAST_UPDATED_TIME)
VALUES
(100781, NULL, 'PASSWORD', 'enable_history', 'ENABLE_HISTORY'
	, 'true', 'NONE', 'Boolean', NULL, 1
	, 0, 1, 100000, NULL, '*SYSADM'
	, NOW(), '*SYSADM', NOW());
INSERT INTO MA_BASE_DATA_PARAM
	(ID, APP_ID, TYPE, CODE, NAME
	, VALUE, VALUE_SCOPE, PARAM_CLZ, DATASOURCE_ID, ORDERED
	, IS_GROUP, IS_ENABLED, PARENT_ID, COMMENTS, CREATED_BY
	, CREATED_TIME, LAST_UPDATED_BY, LAST_UPDATED_TIME)
VALUES
(116, NULL, 'MA_RES_CAT', 'action_log_options', '日志记录选项列表'
	, '1:请求头|2:请求参数|4:SESSION数据|8:请求数据', 'NONE', 'String', NULL, 6
	, 0, 1, 34464, NULL, '*SYSADM'
	, NOW(), '*SYSADM', NOW());
INSERT INTO MA_BASE_DATA_PARAM
	(ID, APP_ID, TYPE, CODE, NAME
	, VALUE, VALUE_SCOPE, PARAM_CLZ, DATASOURCE_ID, ORDERED
	, IS_GROUP, IS_ENABLED, PARENT_ID, COMMENTS, CREATED_BY
	, CREATED_TIME, LAST_UPDATED_BY, LAST_UPDATED_TIME)
VALUES
(117, NULL, 'MA_RES_CAT', 'action_log_levels', '日志记录级别列表'
	, 'ANY:所有|LOGON:已登录|ERROR:出错', 'NONE', 'String', NULL, 7
	, 0, 1, 34464, NULL, '*SYSADM'
	, NOW(), '*SYSADM', NOW());
INSERT INTO MA_BASE_DATA_PARAM
	(ID, APP_ID, TYPE, CODE, NAME
	, VALUE, VALUE_SCOPE, PARAM_CLZ, DATASOURCE_ID, ORDERED
	, IS_GROUP, IS_ENABLED, PARENT_ID, COMMENTS, CREATED_BY
	, CREATED_TIME, LAST_UPDATED_BY, LAST_UPDATED_TIME)
VALUES
(119, NULL, 'MA_APP', 'application_list', '应用列表'
	, 'SELECT APP_NAME AS LABEL, APP_ID AS CODE FROM MA_BASE_APPLICATION', 'NONE', 'String', 1, 1
	, 0, 1, 34463, NULL, '*SYSADM'
	, NOW(), '*SYSADM', NOW());
INSERT INTO MA_BASE_DATA_PARAM
	(ID, APP_ID, TYPE, CODE, NAME
	, VALUE, VALUE_SCOPE, PARAM_CLZ, DATASOURCE_ID, ORDERED
	, IS_GROUP, IS_ENABLED, PARENT_ID, COMMENTS, CREATED_BY
	, CREATED_TIME, LAST_UPDATED_BY, LAST_UPDATED_TIME)
VALUES
(121, NULL, 'MA_POLICY', 'decisionrule_group_list', '决策业务规则分组列表'
	, 'SELECT ID, CODE, NAME AS LABEL, PARENT_ID AS PID, IS_GROUP AS ISGROUP FROM MA_BASE_ACL_BIZ_RULE WHERE IS_GROUP = 1', 'NONE', 'String', 1, 3
	, 0, 1, 34466, NULL, '*SYSADM'
	, NOW(), '*SYSADM', NOW());
INSERT INTO MA_BASE_DATA_PARAM
	(ID, APP_ID, TYPE, CODE, NAME
	, VALUE, VALUE_SCOPE, PARAM_CLZ, DATASOURCE_ID, ORDERED
	, IS_GROUP, IS_ENABLED, PARENT_ID, COMMENTS, CREATED_BY
	, CREATED_TIME, LAST_UPDATED_BY, LAST_UPDATED_TIME)
VALUES
(122, NULL, 'MA_POLICY', 'grantedpolicy_group_list', '业务策略分组列表'
	, 'SELECT ID, CODE, NAME AS LABEL, PARENT_ID AS PID, IS_GROUP AS ISGROUP FROM MA_BASE_ACL_POLICY WHERE IS_GROUP = 1', 'NONE', 'String', 1, 5
	, 0, 1, 34466, NULL, '*SYSADM'
	, NOW(), '*SYSADM', NOW());
INSERT INTO MA_BASE_DATA_PARAM
	(ID, APP_ID, TYPE, CODE, NAME
	, VALUE, VALUE_SCOPE, PARAM_CLZ, DATASOURCE_ID, ORDERED
	, IS_GROUP, IS_ENABLED, PARENT_ID, COMMENTS, CREATED_BY
	, CREATED_TIME, LAST_UPDATED_BY, LAST_UPDATED_TIME)
VALUES
(131, NULL, 'MA_DATASET', 'datasource_url_list', '数据源URL类'
	, 'jdbc:' || '&' || 'lt;oracle:' || '&' || 'lt;thin:' || '&' || 'lt;@' || '&' || 'lt;server' || '&' || 'gt;[:<1521>]:' || '&' || 'lt;database_name' || '&' || 'gt;|jdbc:microsoft:sqlserver://<server_name>:<1433>;databasename=<databasename>aa', 'NONE', 'String', 1, 2
	, 0, 1, 34462, NULL, 'DANIEL'
	, NOW(), '*SYSADM', NOW());
INSERT INTO MA_BASE_DATA_PARAM
	(ID, APP_ID, TYPE, CODE, NAME
	, VALUE, VALUE_SCOPE, PARAM_CLZ, DATASOURCE_ID, ORDERED
	, IS_GROUP, IS_ENABLED, PARENT_ID, COMMENTS, CREATED_BY
	, CREATED_TIME, LAST_UPDATED_BY, LAST_UPDATED_TIME)
VALUES
(130, NULL, 'MA_DATASET', 'datasource_driver_list', '数据源驱动类'
	, 'oracle.jdbc.driver.oracledriver|com.microsoft.jdbc.sqlserver.sqlserverdriver|org.hsqldb.jdbcDriver|com.mysql.jdbc.Driver', 'NONE', 'String', NULL, 1
	, 0, 1, 34462, NULL, '*SYSADM'
	, NOW(), '*SYSADM', NOW());
INSERT INTO MA_BASE_DATA_PARAM
	(ID, APP_ID, TYPE, CODE, NAME
	, VALUE, VALUE_SCOPE, PARAM_CLZ, DATASOURCE_ID, ORDERED
	, IS_GROUP, IS_ENABLED, PARENT_ID, COMMENTS, CREATED_BY
	, CREATED_TIME, LAST_UPDATED_BY, LAST_UPDATED_TIME)
VALUES
(133, NULL, 'MA_DATASET', 'dataparam_type_list', '数据参数类型列表'
	, 'MA:MACULA框架|TEST:测试', 'NONE', 'String', NULL, 5
	, 0, 1, 34462, NULL, 'DANIEL'
	, NOW(), '*SYSADM', NOW());
INSERT INTO MA_BASE_DATA_PARAM
	(ID, APP_ID, TYPE, CODE, NAME
	, VALUE, VALUE_SCOPE, PARAM_CLZ, DATASOURCE_ID, ORDERED
	, IS_GROUP, IS_ENABLED, PARENT_ID, COMMENTS, CREATED_BY
	, CREATED_TIME, LAST_UPDATED_BY, LAST_UPDATED_TIME)
VALUES
(134, NULL, 'MA_DATASET', 'dataparam_clz_list', '数据参数类型引用'
	, 'String|Integer|Long|Double|Boolean|Timestamp|Date|Word', 'NONE', 'String', NULL, 6
	, 0, 1, 34462, NULL, 'DANIEL'
	, NOW(), '*SYSADM', NOW());
INSERT INTO MA_BASE_DATA_PARAM
	(ID, APP_ID, TYPE, CODE, NAME
	, VALUE, VALUE_SCOPE, PARAM_CLZ, DATASOURCE_ID, ORDERED
	, IS_GROUP, IS_ENABLED, PARENT_ID, COMMENTS, CREATED_BY
	, CREATED_TIME, LAST_UPDATED_BY, LAST_UPDATED_TIME)
VALUES
(132, NULL, 'MA_DATASET', 'dataparam_group_list', '数据参数分组列表'
	, 'SELECT ID, CODE, NAME AS LABEL, PARENT_ID AS PID, IS_GROUP AS ISGROUP FROM MA_BASE_DATA_PARAM WHERE IS_GROUP = 1', 'NONE', 'String', 1, 4
	, 0, 1, 34462, NULL, 'DANIEL'
	, NOW(), '*SYSADM', NOW());
INSERT INTO MA_BASE_DATA_PARAM
	(ID, APP_ID, TYPE, CODE, NAME
	, VALUE, VALUE_SCOPE, PARAM_CLZ, DATASOURCE_ID, ORDERED
	, IS_GROUP, IS_ENABLED, PARENT_ID, COMMENTS, CREATED_BY
	, CREATED_TIME, LAST_UPDATED_BY, LAST_UPDATED_TIME)
VALUES
(135, NULL, 'MA_DATASET', 'dataparam_valuescope_list', '数据参数作用范围'
	, 'NONE:不缓存|SESSION:整个用户SESSION作用域|INSTANCE:实例级作用域|APPLICATION:全局级别作用域', 'NONE', 'String', NULL, 7
	, 0, 1, 34462, NULL, 'DANIEL'
	, NOW(), '*SYSADM', NOW());
INSERT INTO MA_BASE_DATA_PARAM
	(ID, APP_ID, TYPE, CODE, NAME
	, VALUE, VALUE_SCOPE, PARAM_CLZ, DATASOURCE_ID, ORDERED
	, IS_GROUP, IS_ENABLED, PARENT_ID, COMMENTS, CREATED_BY
	, CREATED_TIME, LAST_UPDATED_BY, LAST_UPDATED_TIME)
VALUES
(136, NULL, 'MA_DATASET', 'dataparam_datasource_list', '数据源引用列表'
	, 'SELECT ID, CODE, NAME AS LABEL FROM MA_BASE_DATA_SOURCE', 'NONE', 'String', 1, 0
	, 0, 1, 34462, NULL, 'DANIEL'
	, NOW(), '*SYSADM', NOW());
INSERT INTO MA_BASE_DATA_PARAM
	(ID, APP_ID, TYPE, CODE, NAME
	, VALUE, VALUE_SCOPE, PARAM_CLZ, DATASOURCE_ID, ORDERED
	, IS_GROUP, IS_ENABLED, PARENT_ID, COMMENTS, CREATED_BY
	, CREATED_TIME, LAST_UPDATED_BY, LAST_UPDATED_TIME)
VALUES
(34239, NULL, 'MA_DATASET', 'dataparam_all_list', '数据参数列表'
	, 'SELECT ID, CODE, NAME AS LABEL, PARENT_ID AS PID, IS_GROUP AS ISGROUP FROM MA_BASE_DATA_PARAM', 'NONE', 'String', 1, 3
	, 0, 1, 34462, NULL, '*SYSADM'
	, NOW(), '*SYSADM', NOW());
INSERT INTO MA_BASE_DATA_PARAM
	(ID, APP_ID, TYPE, CODE, NAME
	, VALUE, VALUE_SCOPE, PARAM_CLZ, DATASOURCE_ID, ORDERED
	, IS_GROUP, IS_ENABLED, PARENT_ID, COMMENTS, CREATED_BY
	, CREATED_TIME, LAST_UPDATED_BY, LAST_UPDATED_TIME)
VALUES
(118, NULL, 'MA_RES_CAT', 'action_group_list', '功能分组列表'
	, 'SELECT ID, CODE, NAME AS LABEL, PARENT_ID AS PID, IS_GROUP AS ISGROUP FROM MA_BASE_ACL_ACTION WHERE IS_GROUP = 1', 'NONE', 'String', 1, 5
	, 0, 1, 34464, NULL, '*SYSADM'
	, NOW(), '*SYSADM', NOW());
INSERT INTO MA_BASE_DATA_PARAM
	(ID, APP_ID, TYPE, CODE, NAME
	, VALUE, VALUE_SCOPE, PARAM_CLZ, DATASOURCE_ID, ORDERED
	, IS_GROUP, IS_ENABLED, PARENT_ID, COMMENTS, CREATED_BY
	, CREATED_TIME, LAST_UPDATED_BY, LAST_UPDATED_TIME)
VALUES
(112, NULL, 'MA_POLICY', 'user_rule_list', '用户规则列表'
	, 'SELECT ID, CODE, NAME AS LABEL, PARENT_ID AS PID, IS_GROUP AS ISGROUP FROM MA_BASE_ACL_USER_RULE', 'NONE', 'String', 1, 2
	, 0, 1, 34466, NULL, '*SYSADM'
	, NOW(), '*SYSADM', NOW());
INSERT INTO MA_BASE_DATA_PARAM
	(ID, APP_ID, TYPE, CODE, NAME
	, VALUE, VALUE_SCOPE, PARAM_CLZ, DATASOURCE_ID, ORDERED
	, IS_GROUP, IS_ENABLED, PARENT_ID, COMMENTS, CREATED_BY
	, CREATED_TIME, LAST_UPDATED_BY, LAST_UPDATED_TIME)
VALUES
(113, NULL, 'MA_RES_CAT', 'menu_openmode_list', '菜单打开方式'
	, 'NORMAL:普通|IFRAME:框架|OPEN:新窗口', 'NONE', 'String', NULL, 2
	, 0, 1, 34464, NULL, '*SYSADM'
	, NOW(), '*SYSADM', NOW());
INSERT INTO MA_BASE_DATA_PARAM
	(ID, APP_ID, TYPE, CODE, NAME
	, VALUE, VALUE_SCOPE, PARAM_CLZ, DATASOURCE_ID, ORDERED
	, IS_GROUP, IS_ENABLED, PARENT_ID, COMMENTS, CREATED_BY
	, CREATED_TIME, LAST_UPDATED_BY, LAST_UPDATED_TIME)
VALUES
(114, NULL, 'MA_RES_CAT', 'menu_httpmethod_list', '菜单请求方式'
	, 'GET|POST', 'NONE', 'String', NULL, 3
	, 0, 1, 34464, NULL, '*SYSADM'
	, NOW(), '*SYSADM', NOW());
INSERT INTO MA_BASE_DATA_PARAM
	(ID, APP_ID, TYPE, CODE, NAME
	, VALUE, VALUE_SCOPE, PARAM_CLZ, DATASOURCE_ID, ORDERED
	, IS_GROUP, IS_ENABLED, PARENT_ID, COMMENTS, CREATED_BY
	, CREATED_TIME, LAST_UPDATED_BY, LAST_UPDATED_TIME)
VALUES
(115, NULL, 'MA_RES_CAT', 'menu_group_list', '菜单分组列表'
	, 'SELECT ID, CODE, NAME AS LABEL, PARENT_ID AS PID, IS_GROUP AS ISGROUP FROM MA_BASE_ACL_MENU WHERE IS_GROUP = 1', 'NONE', 'String', 1, 1
	, 0, 1, 34464, NULL, '*SYSADM'
	, NOW(), '*SYSADM', NOW());
INSERT INTO MA_BASE_DATA_PARAM
	(ID, APP_ID, TYPE, CODE, NAME
	, VALUE, VALUE_SCOPE, PARAM_CLZ, DATASOURCE_ID, ORDERED
	, IS_GROUP, IS_ENABLED, PARENT_ID, COMMENTS, CREATED_BY
	, CREATED_TIME, LAST_UPDATED_BY, LAST_UPDATED_TIME)
VALUES
(124, NULL, 'MA_POLICY', 'queryrule_list', '查询规则列表'
	, 'SELECT ID, CODE, NAME AS LABEL, PARENT_ID AS PID, IS_GROUP AS ISGROUP FROM MA_BASE_DATA_SET', 'NONE', 'String', 1, 6
	, 0, 1, 34466, NULL, '*SYSADM'
	, NOW(), '*SYSADM', NOW());
INSERT INTO MA_BASE_DATA_PARAM
	(ID, APP_ID, TYPE, CODE, NAME
	, VALUE, VALUE_SCOPE, PARAM_CLZ, DATASOURCE_ID, ORDERED
	, IS_GROUP, IS_ENABLED, PARENT_ID, COMMENTS, CREATED_BY
	, CREATED_TIME, LAST_UPDATED_BY, LAST_UPDATED_TIME)
VALUES
(125, NULL, 'MA_POLICY', 'decisionrule_list', '决策规则列表'
	, 'SELECT ID, CODE, NAME AS LABEL, PARENT_ID AS PID, IS_GROUP AS ISGROUP FROM MA_BASE_ACL_BIZ_RULE', 'NONE', 'String', 1, 4
	, 0, 1, 34466, NULL, '*SYSADM'
	, NOW(), '*SYSADM', NOW());
INSERT INTO MA_BASE_DATA_PARAM
	(ID, APP_ID, TYPE, CODE, NAME
	, VALUE, VALUE_SCOPE, PARAM_CLZ, DATASOURCE_ID, ORDERED
	, IS_GROUP, IS_ENABLED, PARENT_ID, COMMENTS, CREATED_BY
	, CREATED_TIME, LAST_UPDATED_BY, LAST_UPDATED_TIME)
VALUES
(34237, NULL, 'MA_DATASET', 'dataset_all_list', '数据集列表'
	, 'SELECT ID, CODE, NAME AS LABEL, PARENT_ID AS PID, IS_GROUP AS ISGROUP FROM MA_BASE_DATA_SET', 'NONE', 'String', 1, 11
	, 0, 1, 34462, NULL, '*SYSADM'
	, NOW(), '*SYSADM', NOW());
INSERT INTO MA_BASE_DATA_PARAM
	(ID, APP_ID, TYPE, CODE, NAME
	, VALUE, VALUE_SCOPE, PARAM_CLZ, DATASOURCE_ID, ORDERED
	, IS_GROUP, IS_ENABLED, PARENT_ID, COMMENTS, CREATED_BY
	, CREATED_TIME, LAST_UPDATED_BY, LAST_UPDATED_TIME)
VALUES
(11, NULL, 'MA_PRIVILE', 'role_group_list', '角色分组列表'
	, 'SELECT ID, CODE, NAME AS LABEL, PARENT_ID AS PID FROM MA_BASE_ACL_ROLE WHERE IS_GROUP = 1', 'NONE', 'String', 1, 1
	, 0, 1, 34465, NULL, '*SYSADM'
	, NOW(), '*SYSADM', NOW());
INSERT INTO MA_BASE_DATA_PARAM
	(ID, APP_ID, TYPE, CODE, NAME
	, VALUE, VALUE_SCOPE, PARAM_CLZ, DATASOURCE_ID, ORDERED
	, IS_GROUP, IS_ENABLED, PARENT_ID, COMMENTS, CREATED_BY
	, CREATED_TIME, LAST_UPDATED_BY, LAST_UPDATED_TIME)
VALUES
(20, NULL, 'MA_POLICY', 'userrule_group_list', '用户规则分组列表'
	, 'SELECT ID, CODE, NAME AS LABEL, PARENT_ID AS PID, IS_GROUP AS ISGROUP FROM MA_BASE_ACL_USER_RULE WHERE IS_GROUP = 1', 'NONE', 'String', 1, 1
	, 0, 1, 34466, NULL, '*SYSADM'
	, NOW(), '*SYSADM', NOW());
INSERT INTO MA_BASE_DATA_PARAM
	(ID, APP_ID, TYPE, CODE, NAME
	, VALUE, VALUE_SCOPE, PARAM_CLZ, DATASOURCE_ID, ORDERED
	, IS_GROUP, IS_ENABLED, PARENT_ID, COMMENTS, CREATED_BY
	, CREATED_TIME, LAST_UPDATED_BY, LAST_UPDATED_TIME)
VALUES
(34226, NULL, 'MA_DATASET', 'dataset_group_list', '数据集分组列表'
	, 'SELECT ID, CODE, NAME AS LABEL, PARENT_ID AS PID, IS_GROUP AS ISGROUP FROM MA_BASE_DATA_SET WHERE IS_GROUP = 1', 'NONE', 'String', 1, 12
	, 0, 1, 34462, NULL, '*SYSADM'
	, NOW(), '*SYSADM', NOW());
INSERT INTO MA_BASE_DATA_PARAM
	(ID, APP_ID, TYPE, CODE, NAME
	, VALUE, VALUE_SCOPE, PARAM_CLZ, DATASOURCE_ID, ORDERED
	, IS_GROUP, IS_ENABLED, PARENT_ID, COMMENTS, CREATED_BY
	, CREATED_TIME, LAST_UPDATED_BY, LAST_UPDATED_TIME)
VALUES
(34461, NULL, 'GROUP', 'MACULA_GROUP', '系统参数分组'
	, 'GROUP', 'NONE', 'String', NULL, 1
	, 1, 0, 1, NULL, '*SYSADM'
	, NOW(), '*SYSADM', NOW());
INSERT INTO MA_BASE_DATA_PARAM
	(ID, APP_ID, TYPE, CODE, NAME
	, VALUE, VALUE_SCOPE, PARAM_CLZ, DATASOURCE_ID, ORDERED
	, IS_GROUP, IS_ENABLED, PARENT_ID, COMMENTS, CREATED_BY
	, CREATED_TIME, LAST_UPDATED_BY, LAST_UPDATED_TIME)
VALUES
(34462, NULL, 'GROUP', 'DATASET_GROUP', '数据集分组'
	, 'GROUP', 'NONE', 'String', NULL, 2
	, 1, 0, 34461, NULL, '*SYSADM'
	, NOW(), '*SYSADM', NOW());
INSERT INTO MA_BASE_DATA_PARAM
	(ID, APP_ID, TYPE, CODE, NAME
	, VALUE, VALUE_SCOPE, PARAM_CLZ, DATASOURCE_ID, ORDERED
	, IS_GROUP, IS_ENABLED, PARENT_ID, COMMENTS, CREATED_BY
	, CREATED_TIME, LAST_UPDATED_BY, LAST_UPDATED_TIME)
VALUES
(34463, NULL, 'GROUP', 'APPLICATION_GROUP', '应用实例分组'
	, 'GROUP', 'NONE', 'String', NULL, 1
	, 1, 0, 34461, NULL, '*SYSADM'
	, NOW(), '*SYSADM', NOW());
INSERT INTO MA_BASE_DATA_PARAM
	(ID, APP_ID, TYPE, CODE, NAME
	, VALUE, VALUE_SCOPE, PARAM_CLZ, DATASOURCE_ID, ORDERED
	, IS_GROUP, IS_ENABLED, PARENT_ID, COMMENTS, CREATED_BY
	, CREATED_TIME, LAST_UPDATED_BY, LAST_UPDATED_TIME)
VALUES
(34464, NULL, 'GROUP', 'RES_CAT_GROUP', '资源和分组分组'
	, 'GROUP', 'NONE', 'String', NULL, 3
	, 1, 0, 34461, NULL, '*SYSADM'
	, NOW(), '*SYSADM', NOW());
INSERT INTO MA_BASE_DATA_PARAM
	(ID, APP_ID, TYPE, CODE, NAME
	, VALUE, VALUE_SCOPE, PARAM_CLZ, DATASOURCE_ID, ORDERED
	, IS_GROUP, IS_ENABLED, PARENT_ID, COMMENTS, CREATED_BY
	, CREATED_TIME, LAST_UPDATED_BY, LAST_UPDATED_TIME)
VALUES
(34465, NULL, 'GROUP', 'PRIVILEDGE_GROUP', '用户授权分组'
	, 'GROUP', 'NONE', 'String', NULL, 4
	, 1, 0, 34461, NULL, '*SYSADM'
	, NOW(), '*SYSADM', NOW());
INSERT INTO MA_BASE_DATA_PARAM
	(ID, APP_ID, TYPE, CODE, NAME
	, VALUE, VALUE_SCOPE, PARAM_CLZ, DATASOURCE_ID, ORDERED
	, IS_GROUP, IS_ENABLED, PARENT_ID, COMMENTS, CREATED_BY
	, CREATED_TIME, LAST_UPDATED_BY, LAST_UPDATED_TIME)
VALUES
(34466, NULL, 'GROUP', 'POLICY_GROUP', '业务策略分组'
	, 'GROUP', 'NONE', 'String', NULL, 5
	, 1, 0, 34461, NULL, '*SYSADM'
	, NOW(), '*SYSADM', NOW());
INSERT INTO MA_BASE_DATA_PARAM
	(ID, APP_ID, TYPE, CODE, NAME
	, VALUE, VALUE_SCOPE, PARAM_CLZ, DATASOURCE_ID, ORDERED
	, IS_GROUP, IS_ENABLED, PARENT_ID, COMMENTS, CREATED_BY
	, CREATED_TIME, LAST_UPDATED_BY, LAST_UPDATED_TIME)
VALUES
(137767, 'MACULA_UIM', 'UIM_MANAGE', 'sync_loglevel_list', '同步日志级别'
	, 'ANY:全部|ERROR_OR_DATA:出错或有数据|ERROR:出错|DATA:有数据', 'NONE', 'String', NULL, 10
	, 0, 1, 112368, NULL, '*SYSADM'
	, NOW(), '*SYSADM', NOW());
INSERT INTO MA_BASE_DATA_PARAM
	(ID, APP_ID, TYPE, CODE, NAME
	, VALUE, VALUE_SCOPE, PARAM_CLZ, DATASOURCE_ID, ORDERED
	, IS_GROUP, IS_ENABLED, PARENT_ID, COMMENTS, CREATED_BY
	, CREATED_TIME, LAST_UPDATED_BY, LAST_UPDATED_TIME)
VALUES
(100000, NULL, 'GROUP', 'password_policy', '密码策略'
	, 'PASSWORD_POLICY', 'NONE', 'String', NULL, 0
	, 1, 1, 100001, NULL, '*SYSADM'
	, NOW(), '*SYSADM', NOW());
INSERT INTO MA_BASE_DATA_PARAM
	(ID, APP_ID, TYPE, CODE, NAME
	, VALUE, VALUE_SCOPE, PARAM_CLZ, DATASOURCE_ID, ORDERED
	, IS_GROUP, IS_ENABLED, PARENT_ID, COMMENTS, CREATED_BY
	, CREATED_TIME, LAST_UPDATED_BY, LAST_UPDATED_TIME)
VALUES
(100001, NULL, 'GROUP', 'MACULA_UIM_GROUP', 'MACULA统一认证分组'
	, 'MACULA', 'NONE', 'String', NULL, 1
	, 1, 1, 1, NULL, '*SYSADM'
	, NOW(), '*SYSADM', NOW());
INSERT INTO MA_BASE_DATA_PARAM
	(ID, APP_ID, TYPE, CODE, NAME
	, VALUE, VALUE_SCOPE, PARAM_CLZ, DATASOURCE_ID, ORDERED
	, IS_GROUP, IS_ENABLED, PARENT_ID, COMMENTS, CREATED_BY
	, CREATED_TIME, LAST_UPDATED_BY, LAST_UPDATED_TIME)
VALUES
(111787, NULL, 'PASSWORD', 'regex_syntax', 'REGEX_SYNTAX'
	, '/^.*[A-ZA-Z]+.*$/', 'NONE', 'Word', NULL, 1
	, 0, 1, 100000, NULL, '*SYSADM'
	, NOW(), '*SYSADM', NOW());
INSERT INTO MA_BASE_DATA_PARAM
	(ID, APP_ID, TYPE, CODE, NAME
	, VALUE, VALUE_SCOPE, PARAM_CLZ, DATASOURCE_ID, ORDERED
	, IS_GROUP, IS_ENABLED, PARENT_ID, COMMENTS, CREATED_BY
	, CREATED_TIME, LAST_UPDATED_BY, LAST_UPDATED_TIME)
VALUES
(111788, NULL, 'PASSWORD', 'regex_syntax_tips', 'REGEX_SYNTAX_TIPS'
	, '必须包含一个或多个字母', 'NONE', 'String', NULL, 1
	, 0, 1, 100000, NULL, '*SYSADM'
	, NOW(), '*SYSADM', NOW());
INSERT INTO MA_BASE_DATA_PARAM
	(ID, APP_ID, TYPE, CODE, NAME
	, VALUE, VALUE_SCOPE, PARAM_CLZ, DATASOURCE_ID, ORDERED
	, IS_GROUP, IS_ENABLED, PARENT_ID, COMMENTS, CREATED_BY
	, CREATED_TIME, LAST_UPDATED_BY, LAST_UPDATED_TIME)
VALUES
(34540, NULL, 'MA_DATASET', 'dataarg_control_list', '控件类型'
	, 'TEXT|PASSWORD|TEXTAREA|COMBOX|RADIO|CHECKBOX|DATE|DATETIME|RADIOLIST|CHECKBOXLIST|CHECKBOXTREE|TABLEOPTION|TREEOPTION|MULTILINE', 'NONE', 'String', NULL, 0
	, 0, 1, 34462, NULL, '*SYSADM'
	, NOW(), '*SYSADM', NOW());
INSERT INTO MA_BASE_DATA_PARAM
	(ID, APP_ID, TYPE, CODE, NAME
	, VALUE, VALUE_SCOPE, PARAM_CLZ, DATASOURCE_ID, ORDERED
	, IS_GROUP, IS_ENABLED, PARENT_ID, COMMENTS, CREATED_BY
	, CREATED_TIME, LAST_UPDATED_BY, LAST_UPDATED_TIME)
VALUES
(34541, NULL, 'GROUP', 'NETWORK_GROUP', '网络维护系统分组'
	, 'MACULA', 'NONE', 'String', NULL, 1
	, 1, 1, 1, NULL, '*SYSADM'
	, NOW(), '*SYSADM', NOW());
INSERT INTO MA_BASE_DATA_PARAM
	(ID, APP_ID, TYPE, CODE, NAME
	, VALUE, VALUE_SCOPE, PARAM_CLZ, DATASOURCE_ID, ORDERED
	, IS_GROUP, IS_ENABLED, PARENT_ID, COMMENTS, CREATED_BY
	, CREATED_TIME, LAST_UPDATED_BY, LAST_UPDATED_TIME)
VALUES
(34542, NULL, 'NETWORK', 'network_resource_list', 'IP地址列表'
	, 'select id, ip from networkresource', 'NONE', 'String', 1, 0
	, 0, 1, 34541, NULL, '*SYSADM'
	, NOW(), '*SYSADM', NOW());

INSERT INTO MA_BASE_DATA_PARAM
	(ID, APP_ID, TYPE, CODE, NAME
	, VALUE, VALUE_SCOPE, PARAM_CLZ, DATASOURCE_ID, ORDERED
	, IS_GROUP, IS_ENABLED, PARENT_ID, COMMENTS, CREATED_BY
	, CREATED_TIME, LAST_UPDATED_BY, LAST_UPDATED_TIME)
VALUES
(34543, NULL, 'NETWORK', 'network_type_list', 'IP类型列表'
	, 'A:内网办公区|B:内网服务器区|C:F5发布区|D:互联网区', 'NONE', 'String', NULL, 0
	, 0, 1, 34541, NULL, '*SYSADM'
	, NOW(), '*SYSADM', NOW());
INSERT INTO MA_BASE_DATA_PARAM
	(ID, APP_ID, TYPE, CODE, NAME
	, VALUE, VALUE_SCOPE, PARAM_CLZ, DATASOURCE_ID, ORDERED
	, IS_GROUP, IS_ENABLED, PARENT_ID, COMMENTS, CREATED_BY
	, CREATED_TIME, LAST_UPDATED_BY, LAST_UPDATED_TIME)
VALUES
(34544, NULL, 'NETWORK', 'network_group_list', '设备类型列表'
	, '1:网络设备|2:服务器|3:虚拟机', 'NONE', 'String', NULL, 0
	, 0, 1, 34541, NULL, '*SYSADM'
	, NOW(), '*SYSADM', NOW());
INSERT INTO MA_BASE_DATA_PARAM
	(ID, APP_ID, TYPE, CODE, NAME
	, VALUE, VALUE_SCOPE, PARAM_CLZ, DATASOURCE_ID, ORDERED
	, IS_GROUP, IS_ENABLED, PARENT_ID, COMMENTS, CREATED_BY
	, CREATED_TIME, LAST_UPDATED_BY, LAST_UPDATED_TIME)
VALUES
(34545, NULL, 'NETWORK', 'network_usable_list', '设备类型列表'
	, 'true:是|false:否', 'NONE', 'String', NULL, 0
	, 0, 1, 34541, NULL, '*SYSADM'
	, NOW(), '*SYSADM', NOW());
	
TRUNCATE TABLE MA_BASE_DATA_SET;
INSERT INTO MA_BASE_DATA_SET
	(ID, CODE, NAME, EXP_TEXT, HANDLER_CHAIN
	, DATASOURCE_ID, IS_PAGABLE, IS_GROUP, PARENT_ID, CREATED_BY
	, CREATED_TIME, LAST_UPDATED_BY, LAST_UPDATED_TIME)
VALUES
(3, 'SYNC_SEND_LOG_SET', '同步发送日志数据集', 'SELECT * FROM MA_UIM_SYNC_SENDLOG ORDER BY SYNC_START_TIME DESC', NULL
	, 1, 1, 0, 158845, '*SYSADM'
	, NOW(), '*SYSADM', NOW());
INSERT INTO MA_BASE_DATA_SET
	(ID, CODE, NAME, EXP_TEXT, HANDLER_CHAIN
	, DATASOURCE_ID, IS_PAGABLE, IS_GROUP, PARENT_ID, CREATED_BY
	, CREATED_TIME, LAST_UPDATED_BY, LAST_UPDATED_TIME)
VALUES
(158818, 'MACULA_GROUP', '系统数据集分组', NULL, NULL
	, NULL, 0, 1, 112459, '*SYSADM'
	, NOW(), '*SYSADM', NOW());
INSERT INTO MA_BASE_DATA_SET
	(ID, CODE, NAME, EXP_TEXT, HANDLER_CHAIN
	, DATASOURCE_ID, IS_PAGABLE, IS_GROUP, PARENT_ID, CREATED_BY
	, CREATED_TIME, LAST_UPDATED_BY, LAST_UPDATED_TIME)
VALUES
(112459, 'ROOT', '数据集列表', NULL, NULL
	, NULL, 0, 1, NULL, '*SYSADM'
	, NOW(), '*SYSADM', NOW());
INSERT INTO MA_BASE_DATA_SET
	(ID, CODE, NAME, EXP_TEXT, HANDLER_CHAIN
	, DATASOURCE_ID, IS_PAGABLE, IS_GROUP, PARENT_ID, CREATED_BY
	, CREATED_TIME, LAST_UPDATED_BY, LAST_UPDATED_TIME)
VALUES
(158845, 'MACULA_UIM', '统一认数据集证分组', NULL, NULL
	, NULL, 0, 1, 112459, '*SYSADM'
	, NOW(), '*SYSADM', NOW());
INSERT INTO MA_BASE_DATA_SET
	(ID, CODE, NAME, EXP_TEXT, HANDLER_CHAIN
	, DATASOURCE_ID, IS_PAGABLE, IS_GROUP, PARENT_ID, CREATED_BY
	, CREATED_TIME, LAST_UPDATED_BY, LAST_UPDATED_TIME)
VALUES
(150127, 'UIM_USER_MANAGER_SET', '统一用户管理数据集', 'SELECT * FROM MA_UIM_USER', NULL
	, 1, 1, 0, 158845, '*SYSADM'
	, NOW(), '*SYSADM', NOW());
INSERT INTO MA_BASE_DATA_SET
	(ID, CODE, NAME, EXP_TEXT, HANDLER_CHAIN
	, DATASOURCE_ID, IS_PAGABLE, IS_GROUP, PARENT_ID, CREATED_BY
	, CREATED_TIME, LAST_UPDATED_BY, LAST_UPDATED_TIME)
VALUES
(112463, 'ACCESS_LOG_SET', '访问日志数据集', 'SELECT A.*, B.NAME FROM MA_BASE_ACL_ACCESS_LOG A, MA_BASE_ACL_ACTION B
WHERE A.ACTION_ID = B.ID ORDER BY A.START_TIME DESC', NULL
	, 1, 1, 0, 158818, '*SYSADM'
	, NOW(), '*SYSADM', NOW());
INSERT INTO MA_BASE_DATA_SET
	(ID, CODE, NAME, EXP_TEXT, HANDLER_CHAIN
	, DATASOURCE_ID, IS_PAGABLE, IS_GROUP, PARENT_ID, CREATED_BY
	, CREATED_TIME, LAST_UPDATED_BY, LAST_UPDATED_TIME)
VALUES
(150786, 'USER_SESSION_SET', '用户状态数据集', 'SELECT * FROM MA_BASE_ACL_USER_SESSION', NULL
	, 1, 1, 0, 158818, '*SYSADM'
	, NOW(), '*SYSADM', NOW());
INSERT INTO MA_BASE_DATA_SET
	(ID, CODE, NAME, EXP_TEXT, HANDLER_CHAIN
	, DATASOURCE_ID, IS_PAGABLE, IS_GROUP, PARENT_ID, CREATED_BY
	, CREATED_TIME, LAST_UPDATED_BY, LAST_UPDATED_TIME)
VALUES
(158846, 'NETWORK_GROUP', '网络维护分组', 'SELECT * FROM MA_UIM_USER', NULL
	, 1, 1, 0, 112459, '*SYSADM'
	, NOW(), '*SYSADM', NOW());
INSERT INTO MA_BASE_DATA_SET
	(ID, CODE, NAME, EXP_TEXT, HANDLER_CHAIN
	, DATASOURCE_ID, IS_PAGABLE, IS_GROUP, PARENT_ID, CREATED_BY
	, CREATED_TIME, LAST_UPDATED_BY, LAST_UPDATED_TIME)
VALUES
(158847, 'NETWORK_RESOURCE_SET', 'IP地址列表', 'select t.*, (select count(*) = 0 from rentresource m where m.networkresource_id = t.id) as tusable from networkresource t', NULL
	, 1, 1, 0, 158846, '*SYSADM'
	, NOW(), '*SYSADM', NOW());


TRUNCATE TABLE MA_BASE_ACL_ORG;
INSERT INTO MA_BASE_ACL_ORG
	(ID, OA_ID, APP_ID, CODE, NAME
	, SIMPLE_NAME, PARENT_ID, IS_GROUP, ORDERED, LEADER_ACCOUNT
	, FOUND_DATE, ORG_LEVEL, ORG_TYPE, IS_ASSIGNABLE, ENABLED
	, CREATED_BY, CREATED_TIME, LAST_UPDATED_BY, LAST_UPDATED_TIME)
VALUES
(1, 0, NULL, 'ROOT', '组织根'
	, '组织根', NULL, 1, 1, NULL
	, NOW(), 0, 'HO', 0, 1
	, '*SYSADM', NOW(), '*SYSADM', NOW());

DELETE FROM MA_BASE_ACL_MENU WHERE PARENT_ID NOT IN (SELECT ID FROM MA_BASE_ACL_MENU);
DELETE FROM MA_BASE_ACL_MENU WHERE PARENT_ID NOT IN (SELECT ID FROM MA_BASE_ACL_MENU);
DELETE FROM MA_BASE_ACL_MENU WHERE PARENT_ID NOT IN (SELECT ID FROM MA_BASE_ACL_MENU);
DELETE FROM MA_BASE_ACL_MENU WHERE PARENT_ID NOT IN (SELECT ID FROM MA_BASE_ACL_MENU);
DELETE FROM MA_BASE_ACL_ACTION WHERE PARENT_ID NOT IN (SELECT ID FROM MA_BASE_ACL_ACTION);
DELETE FROM MA_BASE_ACL_ACTION WHERE PARENT_ID NOT IN (SELECT ID FROM MA_BASE_ACL_ACTION);
DELETE FROM MA_BASE_ACL_ACTION WHERE PARENT_ID NOT IN (SELECT ID FROM MA_BASE_ACL_ACTION);
DELETE FROM MA_BASE_ACL_ACTION WHERE PARENT_ID NOT IN (SELECT ID FROM MA_BASE_ACL_ACTION);
DELETE FROM MA_BASE_ACL_ROLE_RES WHERE RES_ID NOT IN (SELECT ID FROM MA_BASE_ACL_MENU) AND RES_TYPE = 'MENU';
DELETE FROM MA_BASE_ACL_ROLE_RES WHERE RES_ID NOT IN (SELECT ID FROM MA_BASE_ACL_ACTION) AND RES_TYPE = 'ACTION';
DELETE FROM MA_BASE_ACL_ROLE_RES WHERE ROLE_ID NOT IN (SELECT ID FROM MA_BASE_ACL_ROLE);
COMMIT;
